-- phpMyAdmin SQL Dump
-- version 4.7.0
-- https://www.phpmyadmin.net/
--
-- Host: 127.0.0.1
-- Generation Time: 09 Mei 2018 pada 05.23
-- Versi Server: 10.1.25-MariaDB
-- PHP Version: 7.1.7

SET SQL_MODE = "NO_AUTO_VALUE_ON_ZERO";
SET AUTOCOMMIT = 0;
START TRANSACTION;
SET time_zone = "+00:00";


/*!40101 SET @OLD_CHARACTER_SET_CLIENT=@@CHARACTER_SET_CLIENT */;
/*!40101 SET @OLD_CHARACTER_SET_RESULTS=@@CHARACTER_SET_RESULTS */;
/*!40101 SET @OLD_COLLATION_CONNECTION=@@COLLATION_CONNECTION */;
/*!40101 SET NAMES utf8mb4 */;

--
-- Database: `esystem_ae`
--

-- --------------------------------------------------------

--
-- Struktur dari tabel `academic_schedule`
--

CREATE TABLE `academic_schedule` (
  `id` int(11) UNSIGNED NOT NULL,
  `id_academic_year` int(11) UNSIGNED NOT NULL,
  `id_class` int(11) UNSIGNED NOT NULL,
  `absen` varchar(10) NOT NULL,
  `subject` varchar(5) NOT NULL,
  `description` varchar(254) NOT NULL,
  `start` datetime NOT NULL,
  `end` datetime NOT NULL,
  `color` varchar(10) NOT NULL
) ENGINE=InnoDB DEFAULT CHARSET=latin1;

--
-- Dumping data untuk tabel `academic_schedule`
--

INSERT INTO `academic_schedule` (`id`, `id_academic_year`, `id_class`, `absen`, `subject`, `description`, `start`, `end`, `color`) VALUES
(17, 1, 1, 'bawah', 'SNR1', '', '2018-04-02 00:00:00', '2018-04-07 00:00:00', '#ffd601'),
(18, 1, 2, 'atas', 'TPG1', '', '2018-04-02 00:00:00', '2018-04-07 00:00:00', '#23527c'),
(19, 1, 2, 'bawah', 'DIG1', '', '2018-04-02 00:00:00', '2018-04-07 00:00:00', '#74d51c'),
(20, 1, 3, 'atas', 'WISU', '', '2018-04-02 00:00:00', '2018-04-07 00:00:00', '#922828'),
(21, 1, 3, 'bawah', 'IML5', '', '2018-04-02 00:00:00', '2018-04-07 00:00:00', '#0148ff'),
(30, 1, 1, 'atas', 'PLC2', '', '2018-04-02 00:00:00', '2018-04-07 00:00:00', '#b80000');

-- --------------------------------------------------------

--
-- Struktur dari tabel `academic_years`
--

CREATE TABLE `academic_years` (
  `id` int(11) UNSIGNED NOT NULL,
  `name` varchar(11) NOT NULL,
  `description` text
) ENGINE=InnoDB DEFAULT CHARSET=latin1;

--
-- Dumping data untuk tabel `academic_years`
--

INSERT INTO `academic_years` (`id`, `name`, `description`) VALUES
(1, '2017/2018-1', NULL),
(2, '2017/2018-2', NULL);

-- --------------------------------------------------------

--
-- Struktur dari tabel `ci_sessions`
--

CREATE TABLE `ci_sessions` (
  `id` varchar(128) NOT NULL,
  `ip_address` varchar(45) NOT NULL,
  `timestamp` int(10) UNSIGNED NOT NULL DEFAULT '0',
  `data` blob NOT NULL
) ENGINE=InnoDB DEFAULT CHARSET=latin1;

--
-- Dumping data untuk tabel `ci_sessions`
--

INSERT INTO `ci_sessions` (`id`, `ip_address`, `timestamp`, `data`) VALUES
('033mf9p6sfcc7kd76hs7orl9nu3bt5ll', '127.0.0.1', 1525484028, 0x5f5f63695f6c6173745f726567656e65726174657c693a313532353438343032383b6964656e746974797c733a31363a2261646d696e406573797374656d2e6165223b656d61696c7c733a31363a2261646d696e406573797374656d2e6165223b757365725f69647c733a313a2231223b6f6c645f6c6173745f6c6f67696e7c733a31303a2231353235343135353039223b6c6173745f636865636b7c693a313532353438323136333b),
('04fnrc58l7ijbhg9frtsqvm9gpigeat3', '127.0.0.1', 1525501516, 0x5f5f63695f6c6173745f726567656e65726174657c693a313532353530313435393b6964656e746974797c733a32363a226869727a696e757266616b687269616e40676d61696c2e636f6d223b656d61696c7c733a32363a226869727a696e757266616b687269616e40676d61696c2e636f6d223b757365725f69647c733a313a2232223b6f6c645f6c6173745f6c6f67696e7c733a31303a2231353235333331373437223b6c6173745f636865636b7c693a313532353439353436303b),
('05a042ebi8rc8b9c946n53tc6c3o4ft4', '127.0.0.1', 1525334280, 0x5f5f63695f6c6173745f726567656e65726174657c693a313532353333343236393b6964656e746974797c733a32363a226869727a696e757266616b687269616e40676d61696c2e636f6d223b656d61696c7c733a32363a226869727a696e757266616b687269616e40676d61696c2e636f6d223b757365725f69647c733a313a2232223b6f6c645f6c6173745f6c6f67696e7c733a31303a2231353235333331363030223b6c6173745f636865636b7c693a313532353333313734373b),
('0aj346v3mdlllnn75ns6nddk6s1vq3ij', '127.0.0.1', 1525500520, 0x5f5f63695f6c6173745f726567656e65726174657c693a313532353530303532303b6964656e746974797c733a32363a226869727a696e757266616b687269616e40676d61696c2e636f6d223b656d61696c7c733a32363a226869727a696e757266616b687269616e40676d61696c2e636f6d223b757365725f69647c733a313a2232223b6f6c645f6c6173745f6c6f67696e7c733a31303a2231353235333331373437223b6c6173745f636865636b7c693a313532353439353436303b),
('0bpi0k1r9965ob0ggtn1rjpo6teakp9m', '127.0.0.1', 1525783554, 0x5f5f63695f6c6173745f726567656e65726174657c693a313532353738333535343b),
('0ddvqn5rki02h6dcgcla0vgvqh2af9cv', '127.0.0.1', 1525828550, 0x5f5f63695f6c6173745f726567656e65726174657c693a313532353832383534383b6964656e746974797c733a31363a2261646d696e406573797374656d2e6165223b656d61696c7c733a31363a2261646d696e406573797374656d2e6165223b757365725f69647c733a313a2231223b6f6c645f6c6173745f6c6f67696e7c733a31303a2231353235373836363930223b6c6173745f636865636b7c693a313532353739313837343b),
('0i5hi3igs7civa0sf0pl93298b0nvgpc', '127.0.0.1', 1525483915, 0x5f5f63695f6c6173745f726567656e65726174657c693a313532353438333931353b6964656e746974797c733a31363a2261646d696e406573797374656d2e6165223b656d61696c7c733a31363a2261646d696e406573797374656d2e6165223b757365725f69647c733a313a2231223b6f6c645f6c6173745f6c6f67696e7c733a31303a2231353235343135353039223b6c6173745f636865636b7c693a313532353438323136333b),
('0karllp4eeqe3qefj6klcb4nj2nvgdup', '127.0.0.1', 1525833540, 0x5f5f63695f6c6173745f726567656e65726174657c693a313532353833333534303b6964656e746974797c733a31363a2261646d696e406573797374656d2e6165223b656d61696c7c733a31363a2261646d696e406573797374656d2e6165223b757365725f69647c733a313a2231223b6f6c645f6c6173745f6c6f67696e7c733a31303a2231353235373836363930223b6c6173745f636865636b7c693a313532353739313837343b),
('0pd3t0j4fec2ehog5sa2qet8ivh9vmls', '127.0.0.1', 1525662917, 0x5f5f63695f6c6173745f726567656e65726174657c693a313532353636323931373b6964656e746974797c733a31373a2268696c6d616e6d40676d61696c2e636f6d223b656d61696c7c733a31373a2268696c6d616e6d40676d61696c2e636f6d223b757365725f69647c733a313a2234223b6f6c645f6c6173745f6c6f67696e7c4e3b6c6173745f636865636b7c693a313532353636323639323b),
('10p531rvvc29a03b5em8gk4benh2dn64', '127.0.0.1', 1525790887, 0x5f5f63695f6c6173745f726567656e65726174657c693a313532353739303838373b),
('10v0l5pqn0fldp4e6dtqprrbm7a4nvap', '127.0.0.1', 1525786521, 0x5f5f63695f6c6173745f726567656e65726174657c693a313532353738363532313b),
('11qu4q98din10obdpbqsv97o1501246e', '127.0.0.1', 1525330628, 0x5f5f63695f6c6173745f726567656e65726174657c693a313532353333303632373b6964656e746974797c733a32363a226869727a696e757266616b687269616e40676d61696c2e636f6d223b656d61696c7c733a32363a226869727a696e757266616b687269616e40676d61696c2e636f6d223b757365725f69647c733a313a2232223b6f6c645f6c6173745f6c6f67696e7c733a31303a2231353235313430323436223b6c6173745f636865636b7c693a313532353232363734363b),
('1btrtvo0f13ma60ltgfguqmr3h7f8a2p', '127.0.0.1', 1525790030, 0x5f5f63695f6c6173745f726567656e65726174657c693a313532353739303033303b),
('1g7kiumv196hnegukhceeo271egtmeon', '127.0.0.1', 1525663371, 0x5f5f63695f6c6173745f726567656e65726174657c693a313532353636333337303b6964656e746974797c733a31363a2261646d696e406573797374656d2e6165223b656d61696c7c733a31363a2261646d696e406573797374656d2e6165223b757365725f69647c733a313a2231223b6f6c645f6c6173745f6c6f67696e7c733a31303a2231353235363632333037223b6c6173745f636865636b7c693a313532353636323533383b),
('1i18idd61uo806k6l7q82o89lqn5o06b', '127.0.0.1', 1525331457, 0x5f5f63695f6c6173745f726567656e65726174657c693a313532353333313435363b6964656e746974797c733a32363a226869727a696e757266616b687269616e40676d61696c2e636f6d223b656d61696c7c733a32363a226869727a696e757266616b687269616e40676d61696c2e636f6d223b757365725f69647c733a313a2232223b6f6c645f6c6173745f6c6f67696e7c733a31303a2231353235313430323436223b6c6173745f636865636b7c693a313532353232363734363b),
('1i3nnp7tnvjh6t0b9lnadaadlgs2s2r7', '127.0.0.1', 1525495841, 0x5f5f63695f6c6173745f726567656e65726174657c693a313532353439353834313b6964656e746974797c733a32363a226869727a696e757266616b687269616e40676d61696c2e636f6d223b656d61696c7c733a32363a226869727a696e757266616b687269616e40676d61696c2e636f6d223b757365725f69647c733a313a2232223b6f6c645f6c6173745f6c6f67696e7c733a31303a2231353235313430323436223b6c6173745f636865636b7c693a313532353232363734363b),
('1t3a2rvr62u0j0qlij5onkehb3dc7req', '172.16.6.70', 1525762473, 0x5f5f63695f6c6173745f726567656e65726174657c693a313532353736323437333b),
('1tih3oil67bqmecbh98309msefognfqv', '127.0.0.1', 1525782843, 0x5f5f63695f6c6173745f726567656e65726174657c693a313532353738323834333b),
('1v8vntpob0bh3kkfk10k5h0br0uqcpf8', '127.0.0.1', 1525329318, 0x5f5f63695f6c6173745f726567656e65726174657c693a313532353332393331353b6964656e746974797c733a31363a2261646d696e406573797374656d2e6165223b656d61696c7c733a31363a2261646d696e406573797374656d2e6165223b757365725f69647c733a313a2231223b6f6c645f6c6173745f6c6f67696e7c733a31303a2231353235313539303732223b6c6173745f636865636b7c693a313532353136333633323b),
('21ilgq6vaoenpqnq1oqnueava1vk65lr', '::1', 1525759335, ''),
('264uv7lgnl5o7vgkokufceodbh7rn48i', '127.0.0.1', 1525500227, 0x5f5f63695f6c6173745f726567656e65726174657c693a313532353530303232373b6964656e746974797c733a32313a2276696e6b616c76696f6c6140676d61696c2e636f6d223b656d61696c7c733a32313a2276696e6b616c76696f6c6140676d61696c2e636f6d223b757365725f69647c733a313a2233223b6f6c645f6c6173745f6c6f67696e7c733a31303a2231353235333335303031223b6c6173745f636865636b7c693a313532353439353930353b),
('27bvb8cg2dr89ufkeq8hr8s1qink0tcs', '127.0.0.1', 1525482750, 0x5f5f63695f6c6173745f726567656e65726174657c693a313532353438323735303b6964656e746974797c733a31363a2261646d696e406573797374656d2e6165223b656d61696c7c733a31363a2261646d696e406573797374656d2e6165223b757365725f69647c733a313a2231223b6f6c645f6c6173745f6c6f67696e7c733a31303a2231353235343135353039223b6c6173745f636865636b7c693a313532353438323136333b),
('27f519ocftj0ik67ud4e7cponrmum12k', '127.0.0.1', 1525790820, 0x5f5f63695f6c6173745f726567656e65726174657c693a313532353739303832303b),
('2dh4l1781tiqre61gufclollu8a8keka', '127.0.0.1', 1525420689, 0x5f5f63695f6c6173745f726567656e65726174657c693a313532353432303638383b6964656e746974797c733a31363a2261646d696e406573797374656d2e6165223b656d61696c7c733a31363a2261646d696e406573797374656d2e6165223b757365725f69647c733a313a2231223b6f6c645f6c6173745f6c6f67696e7c733a31303a2231353235333936313134223b6c6173745f636865636b7c693a313532353431353530393b),
('2el9ni2kbe4lr0c8g30va1vjhdruhul7', '127.0.0.1', 1525500605, 0x5f5f63695f6c6173745f726567656e65726174657c693a313532353530303630353b6964656e746974797c733a32363a226869727a696e757266616b687269616e40676d61696c2e636f6d223b656d61696c7c733a32363a226869727a696e757266616b687269616e40676d61696c2e636f6d223b757365725f69647c733a313a2232223b6f6c645f6c6173745f6c6f67696e7c733a31303a2231353235333331373437223b6c6173745f636865636b7c693a313532353439353436303b),
('2hah51fefmb752ieair50gcknrac5t9l', '127.0.0.1', 1525829532, 0x5f5f63695f6c6173745f726567656e65726174657c693a313532353832393533323b6964656e746974797c733a31363a2261646d696e406573797374656d2e6165223b656d61696c7c733a31363a2261646d696e406573797374656d2e6165223b757365725f69647c733a313a2231223b6f6c645f6c6173745f6c6f67696e7c733a31303a2231353235373932383731223b6c6173745f636865636b7c693a313532353832323839323b),
('2lrcms5bmodpd135or2eetmohle4anuj', '127.0.0.1', 1525824716, 0x5f5f63695f6c6173745f726567656e65726174657c693a313532353832343731363b6964656e746974797c733a31363a2261646d696e406573797374656d2e6165223b656d61696c7c733a31363a2261646d696e406573797374656d2e6165223b757365725f69647c733a313a2231223b6f6c645f6c6173745f6c6f67696e7c733a31303a2231353235373836363930223b6c6173745f636865636b7c693a313532353739313837343b),
('2t07vango5ovbhn5jj33jgmfl3pqrcop', '127.0.0.1', 1525396305, 0x5f5f63695f6c6173745f726567656e65726174657c693a313532353339363330353b6964656e746974797c733a31363a2261646d696e406573797374656d2e6165223b656d61696c7c733a31363a2261646d696e406573797374656d2e6165223b757365725f69647c733a313a2231223b6f6c645f6c6173745f6c6f67696e7c733a31303a2231353235333934373038223b6c6173745f636865636b7c693a313532353339363131343b),
('2v8ga9m4fmtqd1kbqtmfqham0cvnqbtb', '127.0.0.1', 1525483201, 0x5f5f63695f6c6173745f726567656e65726174657c693a313532353438333230313b6964656e746974797c733a31363a2261646d696e406573797374656d2e6165223b656d61696c7c733a31363a2261646d696e406573797374656d2e6165223b757365725f69647c733a313a2231223b6f6c645f6c6173745f6c6f67696e7c733a31303a2231353235343135353039223b6c6173745f636865636b7c693a313532353438323136333b),
('31ps7e403evmuqlkrvaq1474gi7fk6cf', '127.0.0.1', 1525790152, 0x5f5f63695f6c6173745f726567656e65726174657c693a313532353739303135323b),
('327j1f6bd26pffhsb7bc1mii2dqm2nra', '127.0.0.1', 1525678069, 0x5f5f63695f6c6173745f726567656e65726174657c693a313532353637383036393b),
('32aks8dvbhfsilt5vgllir0dohvsil2q', '127.0.0.1', 1525327973, 0x5f5f63695f6c6173745f726567656e65726174657c693a313532353332373937333b6964656e746974797c733a31363a2261646d696e406573797374656d2e6165223b656d61696c7c733a31363a2261646d696e406573797374656d2e6165223b757365725f69647c733a313a2231223b6f6c645f6c6173745f6c6f67696e7c733a31303a2231353235313539303732223b6c6173745f636865636b7c693a313532353136333633323b),
('34r0d2oopekjk0t7jhgpskglbsjsu2e1', '127.0.0.1', 1525415497, 0x5f5f63695f6c6173745f726567656e65726174657c693a313532353431353437373b6964656e746974797c733a31363a2261646d696e406573797374656d2e6165223b656d61696c7c733a31363a2261646d696e406573797374656d2e6165223b757365725f69647c733a313a2231223b6f6c645f6c6173745f6c6f67696e7c733a31303a2231353235333934373038223b6c6173745f636865636b7c693a313532353339363131343b),
('35lb56kf84glfgauu0lb9i6g6npk48ih', '127.0.0.1', 1525789905, 0x5f5f63695f6c6173745f726567656e65726174657c693a313532353738393930353b),
('36kj7rgnh6qrtvrdu6bisnn7el1t4b77', '127.0.0.1', 1525331095, 0x5f5f63695f6c6173745f726567656e65726174657c693a313532353333313039353b6964656e746974797c733a32363a226869727a696e757266616b687269616e40676d61696c2e636f6d223b656d61696c7c733a32363a226869727a696e757266616b687269616e40676d61696c2e636f6d223b757365725f69647c733a313a2232223b6f6c645f6c6173745f6c6f67696e7c733a31303a2231353235313430323436223b6c6173745f636865636b7c693a313532353232363734363b),
('3df4qvvt6mmbga6m31b5ks0ufemfvknv', '127.0.0.1', 1525498399, 0x5f5f63695f6c6173745f726567656e65726174657c693a313532353439383339393b6964656e746974797c733a32313a2276696e6b616c76696f6c6140676d61696c2e636f6d223b656d61696c7c733a32313a2276696e6b616c76696f6c6140676d61696c2e636f6d223b757365725f69647c733a313a2233223b6f6c645f6c6173745f6c6f67696e7c733a31303a2231353235333335303031223b6c6173745f636865636b7c693a313532353439353930353b),
('3f72t1iegcgda1uhgjvp0e6t6760lpb7', '127.0.0.1', 1525500490, 0x5f5f63695f6c6173745f726567656e65726174657c693a313532353530303438393b6964656e746974797c733a32313a2276696e6b616c76696f6c6140676d61696c2e636f6d223b656d61696c7c733a32313a2276696e6b616c76696f6c6140676d61696c2e636f6d223b757365725f69647c733a313a2233223b6f6c645f6c6173745f6c6f67696e7c733a31303a2231353235333335303031223b6c6173745f636865636b7c693a313532353439353930353b),
('3hsam5fnvld5i59kqhqr02au5488fab1', '127.0.0.1', 1525334957, 0x5f5f63695f6c6173745f726567656e65726174657c693a313532353333343935373b6964656e746974797c733a32363a226869727a696e757266616b687269616e40676d61696c2e636f6d223b656d61696c7c733a32363a226869727a696e757266616b687269616e40676d61696c2e636f6d223b757365725f69647c733a313a2232223b6f6c645f6c6173745f6c6f67696e7c733a31303a2231353235313430323436223b6c6173745f636865636b7c693a313532353232363734363b),
('3j4b4nfmm65fn7a30hb3ekhnh0cv6hio', '172.16.6.70', 1525745976, 0x5f5f63695f6c6173745f726567656e65726174657c693a313532353734353937363b),
('3ppmot8tkoih7b9mrbjfrfm1naf4mn30', '172.16.6.70', 1525760218, 0x5f5f63695f6c6173745f726567656e65726174657c693a313532353736303231383b),
('3qgngfi3i38vcoujes8h5t2uprej297h', '127.0.0.1', 1525415204, 0x5f5f63695f6c6173745f726567656e65726174657c693a313532353431353230323b6964656e746974797c733a31363a2261646d696e406573797374656d2e6165223b656d61696c7c733a31363a2261646d696e406573797374656d2e6165223b757365725f69647c733a313a2231223b6f6c645f6c6173745f6c6f67696e7c733a31303a2231353235333934373038223b6c6173745f636865636b7c693a313532353339363131343b),
('3rldeoojsde8ldjar0g61rm4i99d9q99', '127.0.0.1', 1525825100, 0x5f5f63695f6c6173745f726567656e65726174657c693a313532353832353130303b6964656e746974797c733a31363a2261646d696e406573797374656d2e6165223b656d61696c7c733a31363a2261646d696e406573797374656d2e6165223b757365725f69647c733a313a2231223b6f6c645f6c6173745f6c6f67696e7c733a31303a2231353235373836363930223b6c6173745f636865636b7c693a313532353739313837343b),
('453hcl4jfid0722lj6g5qdh1vslqi9kn', '192.168.100.13', 1525793059, 0x5f5f63695f6c6173745f726567656e65726174657c693a313532353739333035393b6964656e746974797c733a31363a2261646d696e406573797374656d2e6165223b656d61696c7c733a31363a2261646d696e406573797374656d2e6165223b757365725f69647c733a313a2231223b6f6c645f6c6173745f6c6f67696e7c733a31303a2231353235373931383734223b6c6173745f636865636b7c693a313532353739323837313b),
('45bfjptkr62huuc11odihrb2ugnulr23', '127.0.0.1', 1525789488, 0x5f5f63695f6c6173745f726567656e65726174657c693a313532353738393438383b),
('47hgmdmvlngdpve6lf2g0vfl2c22hbpt', '127.0.0.1', 1525786961, 0x5f5f63695f6c6173745f726567656e65726174657c693a313532353738363936313b6964656e746974797c733a31363a2261646d696e406573797374656d2e6165223b656d61696c7c733a31363a2261646d696e406573797374656d2e6165223b757365725f69647c733a313a2231223b6f6c645f6c6173745f6c6f67696e7c733a31303a2231353235373439313033223b6c6173745f636865636b7c693a313532353738363639303b),
('48c74bbnnsbmre8h5eoiqbkhmj77jc5a', '127.0.0.1', 1525420115, 0x5f5f63695f6c6173745f726567656e65726174657c693a313532353432303131353b6964656e746974797c733a31363a2261646d696e406573797374656d2e6165223b656d61696c7c733a31363a2261646d696e406573797374656d2e6165223b757365725f69647c733a313a2231223b6f6c645f6c6173745f6c6f67696e7c733a31303a2231353235333936313134223b6c6173745f636865636b7c693a313532353431353530393b),
('4jbd0lft4fhpqkn6katjpgudgkr5npvc', '127.0.0.1', 1525787210, 0x5f5f63695f6c6173745f726567656e65726174657c693a313532353738373231303b),
('4k7ctqhuasr6667rls2p6s5psdlbn5o5', '127.0.0.1', 1525829061, 0x5f5f63695f6c6173745f726567656e65726174657c693a313532353832393036313b6964656e746974797c733a31363a2261646d696e406573797374656d2e6165223b656d61696c7c733a31363a2261646d696e406573797374656d2e6165223b757365725f69647c733a313a2231223b6f6c645f6c6173745f6c6f67696e7c733a31303a2231353235373836363930223b6c6173745f636865636b7c693a313532353739313837343b),
('4n73p3kp5vmqntbd10bhur7rkpl79jgu', '127.0.0.1', 1525794797, 0x5f5f63695f6c6173745f726567656e65726174657c693a313532353739343739373b6964656e746974797c733a31373a2268696c6d616e6d40676d61696c2e636f6d223b656d61696c7c733a31373a2268696c6d616e6d40676d61696c2e636f6d223b757365725f69647c733a313a2234223b6f6c645f6c6173745f6c6f67696e7c4e3b6c6173745f636865636b7c693a313532353636323639323b),
('50eu1fn9qncos8550g2k1mebagil3su5', '127.0.0.1', 1525827210, 0x5f5f63695f6c6173745f726567656e65726174657c693a313532353832373231303b6964656e746974797c733a31363a2261646d696e406573797374656d2e6165223b656d61696c7c733a31363a2261646d696e406573797374656d2e6165223b757365725f69647c733a313a2231223b6f6c645f6c6173745f6c6f67696e7c733a31303a2231353235373836363930223b6c6173745f636865636b7c693a313532353739313837343b),
('52nalqlrk17cgcoou7s3jc1melg0g102', '127.0.0.1', 1525357885, 0x5f5f63695f6c6173745f726567656e65726174657c693a313532353335373838353b6964656e746974797c733a32313a2276696e6b616c76696f6c6140676d61696c2e636f6d223b656d61696c7c733a32313a2276696e6b616c76696f6c6140676d61696c2e636f6d223b757365725f69647c733a313a2233223b6f6c645f6c6173745f6c6f67696e7c733a31303a2231353235333331363839223b6c6173745f636865636b7c693a313532353333353030313b),
('58crdp0n981qmi3cacqkou0ukou5nvkp', '127.0.0.1', 1525791387, 0x5f5f63695f6c6173745f726567656e65726174657c693a313532353739313338373b),
('59fqlo3rci52gqq87nmepifhvv0aacsh', '127.0.0.1', 1525334742, 0x5f5f63695f6c6173745f726567656e65726174657c693a313532353333343734303b6964656e746974797c733a32363a226869727a696e757266616b687269616e40676d61696c2e636f6d223b656d61696c7c733a32363a226869727a696e757266616b687269616e40676d61696c2e636f6d223b757365725f69647c733a313a2232223b6f6c645f6c6173745f6c6f67696e7c733a31303a2231353235333331363030223b6c6173745f636865636b7c693a313532353333313734373b),
('59m7eddeatlu8fii1dsajlm4fjut1dd1', '127.0.0.1', 1525782952, 0x5f5f63695f6c6173745f726567656e65726174657c693a313532353738323932333b),
('5gr3bj1du3en59kkteje900jvlj1j7sl', '127.0.0.1', 1525330631, 0x5f5f63695f6c6173745f726567656e65726174657c693a313532353333303632373b6964656e746974797c733a31363a2261646d696e406573797374656d2e6165223b656d61696c7c733a31363a2261646d696e406573797374656d2e6165223b757365725f69647c733a313a2231223b6f6c645f6c6173745f6c6f67696e7c733a31303a2231353235313539303732223b6c6173745f636865636b7c693a313532353136333633323b),
('5r6gr8t461ncomq8enqoo27360ptvp66', '127.0.0.1', 1525398442, 0x5f5f63695f6c6173745f726567656e65726174657c693a313532353339383434323b6964656e746974797c733a31363a2261646d696e406573797374656d2e6165223b656d61696c7c733a31363a2261646d696e406573797374656d2e6165223b757365725f69647c733a313a2231223b6f6c645f6c6173745f6c6f67696e7c733a31303a2231353235333934373038223b6c6173745f636865636b7c693a313532353339363131343b),
('5ru4ql6tnb806ltlu3v21uus6lmvofdv', '127.0.0.1', 1525834638, 0x5f5f63695f6c6173745f726567656e65726174657c693a313532353833343633383b6964656e746974797c733a31363a2261646d696e406573797374656d2e6165223b656d61696c7c733a31363a2261646d696e406573797374656d2e6165223b757365725f69647c733a313a2231223b6f6c645f6c6173745f6c6f67696e7c733a31303a2231353235373836363930223b6c6173745f636865636b7c693a313532353739313837343b),
('5udfi17nnj4tmt7dr9535j6pv3e90uu6', '127.0.0.1', 1525419915, 0x5f5f63695f6c6173745f726567656e65726174657c693a313532353431393931353b6964656e746974797c733a31363a2261646d696e406573797374656d2e6165223b656d61696c7c733a31363a2261646d696e406573797374656d2e6165223b757365725f69647c733a313a2231223b6f6c645f6c6173745f6c6f67696e7c733a31303a2231353235333936313134223b6c6173745f636865636b7c693a313532353431353530393b),
('5ujudlv6giiclvi4okhvd047ok1legcg', '127.0.0.1', 1525498645, 0x5f5f63695f6c6173745f726567656e65726174657c693a313532353439383634353b6964656e746974797c733a32363a226869727a696e757266616b687269616e40676d61696c2e636f6d223b656d61696c7c733a32363a226869727a696e757266616b687269616e40676d61696c2e636f6d223b757365725f69647c733a313a2232223b6f6c645f6c6173745f6c6f67696e7c733a31303a2231353235333331373437223b6c6173745f636865636b7c693a313532353439353436303b),
('63i62bqevfbbl3t7c28qb0qsp055qm70', '127.0.0.1', 1525678346, 0x5f5f63695f6c6173745f726567656e65726174657c693a313532353637383334363b6964656e746974797c733a31363a2261646d696e406573797374656d2e6165223b656d61696c7c733a31363a2261646d696e406573797374656d2e6165223b757365725f69647c733a313a2231223b6f6c645f6c6173745f6c6f67696e7c733a31303a2231353235363632353338223b6c6173745f636865636b7c693a313532353637383039323b),
('65i2cifcnuab6bjkphvv7oee4nseeii4', '172.16.6.70', 1525745748, 0x5f5f63695f6c6173745f726567656e65726174657c693a313532353734353734383b),
('68feo0o579jhj0g8ptuafhonnevpeg7f', '127.0.0.1', 1525791847, 0x5f5f63695f6c6173745f726567656e65726174657c693a313532353739313834373b),
('68gntppd8o6qrvkms4auksfbk79pnl0r', '127.0.0.1', 1525830443, 0x5f5f63695f6c6173745f726567656e65726174657c693a313532353833303434323b6964656e746974797c733a31363a2261646d696e406573797374656d2e6165223b656d61696c7c733a31363a2261646d696e406573797374656d2e6165223b757365725f69647c733a313a2231223b6f6c645f6c6173745f6c6f67696e7c733a31303a2231353235373836363930223b6c6173745f636865636b7c693a313532353739313837343b),
('6i3ln4umfl9dg10atnh5um7ghitei1oe', '127.0.0.1', 1525498353, 0x5f5f63695f6c6173745f726567656e65726174657c693a313532353439383335323b),
('6kjf9ulma8cd49kvguvsn7483ql8qcn6', '127.0.0.1', 1525787106, 0x5f5f63695f6c6173745f726567656e65726174657c693a313532353738373130363b6964656e746974797c733a31363a2261646d696e406573797374656d2e6165223b656d61696c7c733a31363a2261646d696e406573797374656d2e6165223b757365725f69647c733a313a2231223b6f6c645f6c6173745f6c6f67696e7c733a31303a2231353235373439313033223b6c6173745f636865636b7c693a313532353738363639303b),
('6klk308bqf3pmuvv4hesn95ob3fhab6l', '127.0.0.1', 1525822879, 0x5f5f63695f6c6173745f726567656e65726174657c693a313532353832323837393b),
('6ptfjn6g0ad75k00ftgmst2f4ncqjo2a', '192.168.100.3', 1525791212, 0x5f5f63695f6c6173745f726567656e65726174657c693a313532353739313231323b),
('6qgcf5l35879emq6c785jfvidb5npdf8', '127.0.0.1', 1525791520, 0x5f5f63695f6c6173745f726567656e65726174657c693a313532353739313532303b),
('6rgqrvfko67itcruon3c05jssnlnsuvt', '127.0.0.1', 1525662856, 0x5f5f63695f6c6173745f726567656e65726174657c693a313532353636323835353b6964656e746974797c733a31363a2261646d696e406573797374656d2e6165223b656d61696c7c733a31363a2261646d696e406573797374656d2e6165223b757365725f69647c733a313a2231223b6f6c645f6c6173745f6c6f67696e7c733a31303a2231353235363632333037223b6c6173745f636865636b7c693a313532353636323533383b),
('6s3r4jqmea4t4tk3nva74tri67bbqvtr', '127.0.0.1', 1525828281, 0x5f5f63695f6c6173745f726567656e65726174657c693a313532353832383238303b6964656e746974797c733a31363a2261646d696e406573797374656d2e6165223b656d61696c7c733a31363a2261646d696e406573797374656d2e6165223b757365725f69647c733a313a2231223b6f6c645f6c6173745f6c6f67696e7c733a31303a2231353235373836363930223b6c6173745f636865636b7c693a313532353739313837343b),
('6t0et6cc05vuelaseljjhimoj03t8tq2', '127.0.0.1', 1525824483, 0x5f5f63695f6c6173745f726567656e65726174657c693a313532353832343438333b6964656e746974797c733a31363a2261646d696e406573797374656d2e6165223b656d61696c7c733a31363a2261646d696e406573797374656d2e6165223b757365725f69647c733a313a2231223b6f6c645f6c6173745f6c6f67696e7c733a31303a2231353235373836363930223b6c6173745f636865636b7c693a313532353739313837343b),
('6u4a1jdd6jro4khppjosrq3i641ogens', '127.0.0.1', 1525662302, 0x5f5f63695f6c6173745f726567656e65726174657c693a313532353636323330323b),
('6u75fd7rjfm02to43va76gbopspr01kc', '172.16.6.47', 1525764312, ''),
('6vs0jjc8v89i8ugjk8jispfpn8ocfvvr', '127.0.0.1', 1525396050, 0x5f5f63695f6c6173745f726567656e65726174657c693a313532353339363035303b6964656e746974797c733a31363a2261646d696e406573797374656d2e6165223b656d61696c7c733a31363a2261646d696e406573797374656d2e6165223b757365725f69647c733a313a2231223b6f6c645f6c6173745f6c6f67696e7c733a31303a2231353235313633363332223b6c6173745f636865636b7c693a313532353339343730383b),
('70behsh3sahfblsii8uibclnankc8i0h', '127.0.0.1', 1525313824, 0x5f5f63695f6c6173745f726567656e65726174657c693a313532353331333832343b6964656e746974797c733a31363a2261646d696e406573797374656d2e6165223b656d61696c7c733a31363a2261646d696e406573797374656d2e6165223b757365725f69647c733a313a2231223b6f6c645f6c6173745f6c6f67696e7c733a31303a2231353235313539303732223b6c6173745f636865636b7c693a313532353136333633323b),
('75ls4m6velh9fu2sk6596e22mdq8jg7l', '192.168.100.13', 1525792969, 0x5f5f63695f6c6173745f726567656e65726174657c693a313532353739323936383b6964656e746974797c733a31363a2261646d696e406573797374656d2e6165223b656d61696c7c733a31363a2261646d696e406573797374656d2e6165223b757365725f69647c733a313a2231223b6f6c645f6c6173745f6c6f67696e7c733a31303a2231353235373931383734223b6c6173745f636865636b7c693a313532353739323837313b),
('76npn36fkoc69liqp5n3qta7bpglhk9g', '127.0.0.1', 1525825382, 0x5f5f63695f6c6173745f726567656e65726174657c693a313532353832353338323b6964656e746974797c733a31363a2261646d696e406573797374656d2e6165223b656d61696c7c733a31363a2261646d696e406573797374656d2e6165223b757365725f69647c733a313a2231223b6f6c645f6c6173745f6c6f67696e7c733a31303a2231353235373836363930223b6c6173745f636865636b7c693a313532353739313837343b),
('79vmlc4775e4fkvi3n64ul53en9l8pn5', '127.0.0.1', 1525482572, 0x5f5f63695f6c6173745f726567656e65726174657c693a313532353438323537323b6964656e746974797c733a31363a2261646d696e406573797374656d2e6165223b656d61696c7c733a31363a2261646d696e406573797374656d2e6165223b757365725f69647c733a313a2231223b6f6c645f6c6173745f6c6f67696e7c733a31303a2231353235343135353039223b6c6173745f636865636b7c693a313532353438323136333b),
('7a85v2s334qtf4qq0odq2di48ikgc5qt', '127.0.0.1', 1525678268, 0x5f5f63695f6c6173745f726567656e65726174657c693a313532353637383236383b6964656e746974797c733a31363a2261646d696e406573797374656d2e6165223b656d61696c7c733a31363a2261646d696e406573797374656d2e6165223b757365725f69647c733a313a2231223b6f6c645f6c6173745f6c6f67696e7c733a31303a2231353235363632353338223b6c6173745f636865636b7c693a313532353637383039323b),
('7ajccfiicbuakq727rh9ic0mp3fq8hsi', '172.16.6.70', 1525743958, 0x5f5f63695f6c6173745f726567656e65726174657c693a313532353734333935383b6964656e746974797c733a31363a2261646d696e406573797374656d2e6165223b656d61696c7c733a31363a2261646d696e406573797374656d2e6165223b757365725f69647c733a313a2231223b6f6c645f6c6173745f6c6f67696e7c733a31303a2231353235363738303932223b6c6173745f636865636b7c693a313532353734333739363b),
('7amo10lgrpnbhmb40jgiafmgsp8resqv', '127.0.0.1', 1525483738, 0x5f5f63695f6c6173745f726567656e65726174657c693a313532353438333733383b6964656e746974797c733a31363a2261646d696e406573797374656d2e6165223b656d61696c7c733a31363a2261646d696e406573797374656d2e6165223b757365725f69647c733a313a2231223b6f6c645f6c6173745f6c6f67696e7c733a31303a2231353235343135353039223b6c6173745f636865636b7c693a313532353438323136333b),
('7osg49d1nnc12lio29f0p1co8c9p5rgn', '127.0.0.1', 1525420295, 0x5f5f63695f6c6173745f726567656e65726174657c693a313532353432303239353b6964656e746974797c733a31363a2261646d696e406573797374656d2e6165223b656d61696c7c733a31363a2261646d696e406573797374656d2e6165223b757365725f69647c733a313a2231223b6f6c645f6c6173745f6c6f67696e7c733a31303a2231353235333936313134223b6c6173745f636865636b7c693a313532353431353530393b),
('7rducn5ueblfau6l20jdnvlf3jgijf7i', '127.0.0.1', 1525783101, 0x5f5f63695f6c6173745f726567656e65726174657c693a313532353738333130313b),
('7t2caepcshgg4m8bovk42961dn3v25f2', '127.0.0.1', 1525421743, 0x5f5f63695f6c6173745f726567656e65726174657c693a313532353432303638383b6964656e746974797c733a31363a2261646d696e406573797374656d2e6165223b656d61696c7c733a31363a2261646d696e406573797374656d2e6165223b757365725f69647c733a313a2231223b6f6c645f6c6173745f6c6f67696e7c733a31303a2231353235333936313134223b6c6173745f636865636b7c693a313532353431353530393b),
('7t7qfra9sfd29m3c8ckt6fi0qojrrg31', '127.0.0.1', 1525790349, 0x5f5f63695f6c6173745f726567656e65726174657c693a313532353739303334393b),
('7vpnd63hh8dq8ed6s3hokna7eg0u0rem', '127.0.0.1', 1525419716, 0x5f5f63695f6c6173745f726567656e65726174657c693a313532353431393731353b6964656e746974797c733a31363a2261646d696e406573797374656d2e6165223b656d61696c7c733a31363a2261646d696e406573797374656d2e6165223b757365725f69647c733a313a2231223b6f6c645f6c6173745f6c6f67696e7c733a31303a2231353235333936313134223b6c6173745f636865636b7c693a313532353431353530393b),
('83l0ihv6ooqo43jj3878en2o7sm2ln2g', '127.0.0.1', 1525415499, 0x6d6573736167657c733a3231373a223c64697620636c6173733d22616c65727420616c6572742d7761726e696e6720616c6572742d6469736d69737369626c652220726f6c653d22616c657274223e3c627574746f6e20747970653d22627574746f6e2220636c6173733d22636c6f73652220646174612d6469736d6973733d22616c6572742220617269612d6c6162656c3d22436c6f7365223e3c7370616e20617269612d68696464656e3d2274727565223e2674696d65733b3c2f7370616e3e3c2f627574746f6e3e596f75206861766520746f206c6f67696e2066697273743c2f6469763e223b5f5f63695f766172737c613a313a7b733a373a226d657373616765223b733a333a226e6577223b7d),
('89famup56npth4kvbn18v3fi8nnvpn6e', '127.0.0.1', 1525498353, 0x5f5f63695f6c6173745f726567656e65726174657c693a313532353439383335333b6d6573736167657c733a3231373a223c64697620636c6173733d22616c65727420616c6572742d7761726e696e6720616c6572742d6469736d69737369626c652220726f6c653d22616c657274223e3c627574746f6e20747970653d22627574746f6e2220636c6173733d22636c6f73652220646174612d6469736d6973733d22616c6572742220617269612d6c6162656c3d22436c6f7365223e3c7370616e20617269612d68696464656e3d2274727565223e2674696d65733b3c2f7370616e3e3c2f627574746f6e3e596f75206861766520746f206c6f67696e2066697273743c2f6469763e223b5f5f63695f766172737c613a313a7b733a373a226d657373616765223b733a333a226e6577223b7d),
('8dt07dnot7tvpusvoh3g8ob442p4h5v0', '127.0.0.1', 1525498668, 0x5f5f63695f6c6173745f726567656e65726174657c693a313532353439383636373b6964656e746974797c733a32313a2276696e6b616c76696f6c6140676d61696c2e636f6d223b656d61696c7c733a32313a2276696e6b616c76696f6c6140676d61696c2e636f6d223b757365725f69647c733a313a2233223b6f6c645f6c6173745f6c6f67696e7c733a31303a2231353235333335303031223b6c6173745f636865636b7c693a313532353439353930353b),
('8jq4qr7ebsabdejuldjeght8a7qutlo6', '127.0.0.1', 1525782923, 0x5f5f63695f6c6173745f726567656e65726174657c693a313532353738323932333b),
('8kpjdi9skkrk05ph7cj4254aaigvd5h3', '127.0.0.1', 1525785923, 0x5f5f63695f6c6173745f726567656e65726174657c693a313532353738353932333b),
('8matnt000bj11bkd2k5kjgi0aij973f1', '127.0.0.1', 1525482507, 0x5f5f63695f6c6173745f726567656e65726174657c693a313532353438323530343b6964656e746974797c733a31363a2261646d696e406573797374656d2e6165223b656d61696c7c733a31363a2261646d696e406573797374656d2e6165223b757365725f69647c733a313a2231223b6f6c645f6c6173745f6c6f67696e7c733a31303a2231353235343135353039223b6c6173745f636865636b7c693a313532353438323136333b),
('8vevplm31lo4mdq5fq7nd44t6ndlf2j0', '127.0.0.1', 1525330546, 0x5f5f63695f6c6173745f726567656e65726174657c693a313532353333303534363b6964656e746974797c733a31363a2261646d696e406573797374656d2e6165223b656d61696c7c733a31363a2261646d696e406573797374656d2e6165223b757365725f69647c733a313a2231223b6f6c645f6c6173745f6c6f67696e7c733a31303a2231353235313539303732223b6c6173745f636865636b7c693a313532353136333633323b),
('904fjups8r2dl4t0cdlit05tdg3nu8k6', '172.16.6.70', 1525743692, 0x5f5f63695f6c6173745f726567656e65726174657c693a313532353734333639323b),
('904r0pimua0iqsoeeu7mt5r2qq1i0be9', '127.0.0.1', 1525483974, 0x5f5f63695f6c6173745f726567656e65726174657c693a313532353438333937343b6d6573736167657c733a3231373a223c64697620636c6173733d22616c65727420616c6572742d7761726e696e6720616c6572742d6469736d69737369626c652220726f6c653d22616c657274223e3c627574746f6e20747970653d22627574746f6e2220636c6173733d22636c6f73652220646174612d6469736d6973733d22616c6572742220617269612d6c6162656c3d22436c6f7365223e3c7370616e20617269612d68696464656e3d2274727565223e2674696d65733b3c2f7370616e3e3c2f627574746f6e3e596f75206861766520746f206c6f67696e2066697273743c2f6469763e223b5f5f63695f766172737c613a313a7b733a373a226d657373616765223b733a333a226e6577223b7d),
('92v0rkog5mpf0k6gq62filp2c2gik73v', '127.0.0.1', 1525500695, 0x5f5f63695f6c6173745f726567656e65726174657c693a313532353530303639353b6964656e746974797c733a32313a2276696e6b616c76696f6c6140676d61696c2e636f6d223b656d61696c7c733a32313a2276696e6b616c76696f6c6140676d61696c2e636f6d223b757365725f69647c733a313a2233223b6f6c645f6c6173745f6c6f67696e7c733a31303a2231353235333335303031223b6c6173745f636865636b7c693a313532353439353930353b),
('967elotluhfasu94fetphklrom9mmgrj', '127.0.0.1', 1525483386, 0x5f5f63695f6c6173745f726567656e65726174657c693a313532353438333338363b6964656e746974797c733a31363a2261646d696e406573797374656d2e6165223b656d61696c7c733a31363a2261646d696e406573797374656d2e6165223b757365725f69647c733a313a2231223b6f6c645f6c6173745f6c6f67696e7c733a31303a2231353235343135353039223b6c6173745f636865636b7c693a313532353438323136333b),
('97551ksqv6c6u9dl8vg34bqdjiufaghc', '127.0.0.1', 1525495856, 0x5f5f63695f6c6173745f726567656e65726174657c693a313532353439353835353b6964656e746974797c733a32363a226869727a696e757266616b687269616e40676d61696c2e636f6d223b656d61696c7c733a32363a226869727a696e757266616b687269616e40676d61696c2e636f6d223b757365725f69647c733a313a2232223b6f6c645f6c6173745f6c6f67696e7c733a31303a2231353235333331373437223b6c6173745f636865636b7c693a313532353439353436303b),
('984jt2k02mgmf3r71oi2ejdjj2mboq2l', '127.0.0.1', 1525396101, 0x5f5f63695f6c6173745f726567656e65726174657c693a313532353339363035303b6964656e746974797c733a31363a2261646d696e406573797374656d2e6165223b656d61696c7c733a31363a2261646d696e406573797374656d2e6165223b757365725f69647c733a313a2231223b6f6c645f6c6173745f6c6f67696e7c733a31303a2231353235313633363332223b6c6173745f636865636b7c693a313532353339343730383b),
('9ascrd3l31p8islo5tc9u1p7o6j7god3', '192.168.100.13', 1525796813, 0x5f5f63695f6c6173745f726567656e65726174657c693a313532353739333035393b6964656e746974797c733a31363a2261646d696e406573797374656d2e6165223b656d61696c7c733a31363a2261646d696e406573797374656d2e6165223b757365725f69647c733a313a2231223b6f6c645f6c6173745f6c6f67696e7c733a31303a2231353235373931383734223b6c6173745f636865636b7c693a313532353739323837313b),
('9hbfcig038vshpr7qufh8qjmkupfgo9t', '127.0.0.1', 1525786019, 0x5f5f63695f6c6173745f726567656e65726174657c693a313532353738363031393b),
('9r8qhsujco4antdle72haljtm34k0gnb', '127.0.0.1', 1525836202, 0x5f5f63695f6c6173745f726567656e65726174657c693a313532353832393533323b6964656e746974797c733a31363a2261646d696e406573797374656d2e6165223b656d61696c7c733a31363a2261646d696e406573797374656d2e6165223b757365725f69647c733a313a2231223b6f6c645f6c6173745f6c6f67696e7c733a31303a2231353235373932383731223b6c6173745f636865636b7c693a313532353832323839323b),
('9svs6vl9jcjaio8u0tirsm1oqulk5g72', '127.0.0.1', 1525663161, 0x5f5f63695f6c6173745f726567656e65726174657c693a313532353636333136313b6964656e746974797c733a31363a2261646d696e406573797374656d2e6165223b656d61696c7c733a31363a2261646d696e406573797374656d2e6165223b757365725f69647c733a313a2231223b6f6c645f6c6173745f6c6f67696e7c733a31303a2231353235363632333037223b6c6173745f636865636b7c693a313532353636323533383b),
('9v1kp4fh7nv7q9crfu67foao2ipas9qu', '172.16.6.70', 1525743795, 0x5f5f63695f6c6173745f726567656e65726174657c693a313532353734333739353b),
('9v5r013aivv2u66eirom93jpe44pmhoq', '127.0.0.1', 1525483847, 0x5f5f63695f6c6173745f726567656e65726174657c693a313532353438333834373b6964656e746974797c733a31363a2261646d696e406573797374656d2e6165223b656d61696c7c733a31363a2261646d696e406573797374656d2e6165223b757365725f69647c733a313a2231223b6f6c645f6c6173745f6c6f67696e7c733a31303a2231353235343135353039223b6c6173745f636865636b7c693a313532353438323136333b),
('a1jd9v1p6nhlivkh62cghcfr9ehjbld7', '127.0.0.1', 1525663096, 0x5f5f63695f6c6173745f726567656e65726174657c693a313532353636333039363b6964656e746974797c733a31373a2268696c6d616e6d40676d61696c2e636f6d223b656d61696c7c733a31373a2268696c6d616e6d40676d61696c2e636f6d223b757365725f69647c733a313a2234223b6f6c645f6c6173745f6c6f67696e7c4e3b6c6173745f636865636b7c693a313532353636323639323b),
('a2jcai3jprpee1sjfseuar6galpeo4ki', '172.16.6.70', 1525760218, 0x5f5f63695f6c6173745f726567656e65726174657c693a313532353736303231373b),
('a42u6n52tg24l79jd8obevikdqcg82s0', '127.0.0.1', 1525415769, 0x5f5f63695f6c6173745f726567656e65726174657c693a313532353431353736393b6964656e746974797c733a31363a2261646d696e406573797374656d2e6165223b656d61696c7c733a31363a2261646d696e406573797374656d2e6165223b757365725f69647c733a313a2231223b6f6c645f6c6173745f6c6f67696e7c733a31303a2231353235333936313134223b6c6173745f636865636b7c693a313532353431353530393b),
('a5l5e17nv21qgq8sfnt5937b2sdqmnao', '127.0.0.1', 1525415975, 0x5f5f63695f6c6173745f726567656e65726174657c693a313532353431353937353b6964656e746974797c733a31363a2261646d696e406573797374656d2e6165223b656d61696c7c733a31363a2261646d696e406573797374656d2e6165223b757365725f69647c733a313a2231223b6f6c645f6c6173745f6c6f67696e7c733a31303a2231353235333936313134223b6c6173745f636865636b7c693a313532353431353530393b),
('a76ckcld203jklt9nu0a7nk620bavr4j', '127.0.0.1', 1525331217, 0x5f5f63695f6c6173745f726567656e65726174657c693a313532353333313231323b6964656e746974797c733a32363a226869727a696e757266616b687269616e40676d61696c2e636f6d223b656d61696c7c733a32363a226869727a696e757266616b687269616e40676d61696c2e636f6d223b757365725f69647c733a313a2232223b6f6c645f6c6173745f6c6f67696e7c733a31303a2231353235313430323436223b6c6173745f636865636b7c693a313532353232363734363b),
('aaef3h7rsdp8b0agpk83kjj0g9s5qcpi', '127.0.0.1', 1525678491, 0x5f5f63695f6c6173745f726567656e65726174657c693a313532353637383439313b6964656e746974797c733a31363a2261646d696e406573797374656d2e6165223b656d61696c7c733a31363a2261646d696e406573797374656d2e6165223b757365725f69647c733a313a2231223b6f6c645f6c6173745f6c6f67696e7c733a31303a2231353235363632353338223b6c6173745f636865636b7c693a313532353637383039323b),
('acfjkd3hudsp19nitccn62gamuguup1u', '127.0.0.1', 1525495590, 0x5f5f63695f6c6173745f726567656e65726174657c693a313532353439353539303b6964656e746974797c733a32363a226869727a696e757266616b687269616e40676d61696c2e636f6d223b656d61696c7c733a32363a226869727a696e757266616b687269616e40676d61696c2e636f6d223b757365725f69647c733a313a2232223b6f6c645f6c6173745f6c6f67696e7c733a31303a2231353235333331373437223b6c6173745f636865636b7c693a313532353439353436303b),
('aft0s0f9pmrql373nbru6i0gedn8413t', '127.0.0.1', 1525499328, 0x5f5f63695f6c6173745f726567656e65726174657c693a313532353439393332383b6964656e746974797c733a32363a226869727a696e757266616b687269616e40676d61696c2e636f6d223b656d61696c7c733a32363a226869727a696e757266616b687269616e40676d61696c2e636f6d223b757365725f69647c733a313a2232223b6f6c645f6c6173745f6c6f67696e7c733a31303a2231353235333331373437223b6c6173745f636865636b7c693a313532353439353436303b),
('aftm5edrbot66cuh5sirhtvo8dmo7qf3', '127.0.0.1', 1525787614, 0x5f5f63695f6c6173745f726567656e65726174657c693a313532353738373631343b),
('ai46bl80vpum0a4c3du10rq77dpi1kbo', '127.0.0.1', 1525334890, 0x5f5f63695f6c6173745f726567656e65726174657c693a313532353333343838393b6964656e746974797c733a32363a226869727a696e757266616b687269616e40676d61696c2e636f6d223b656d61696c7c733a32363a226869727a696e757266616b687269616e40676d61696c2e636f6d223b757365725f69647c733a313a2232223b6f6c645f6c6173745f6c6f67696e7c733a31303a2231353235333331363030223b6c6173745f636865636b7c693a313532353333313734373b),
('aj8jn9pu7tni5ssfsonjs634asmh5rcs', '127.0.0.1', 1525331521, 0x5f5f63695f6c6173745f726567656e65726174657c693a313532353333313532313b6964656e746974797c733a32363a226869727a696e757266616b687269616e40676d61696c2e636f6d223b656d61696c7c733a32363a226869727a696e757266616b687269616e40676d61696c2e636f6d223b757365725f69647c733a313a2232223b6f6c645f6c6173745f6c6f67696e7c733a31303a2231353235313430323436223b6c6173745f636865636b7c693a313532353232363734363b),
('aolgucf2k6o5e19b7c1v5o768a2phruo', '127.0.0.1', 1525334337, 0x5f5f63695f6c6173745f726567656e65726174657c693a313532353333343333373b6964656e746974797c733a32363a226869727a696e757266616b687269616e40676d61696c2e636f6d223b656d61696c7c733a32363a226869727a696e757266616b687269616e40676d61696c2e636f6d223b757365725f69647c733a313a2232223b6f6c645f6c6173745f6c6f67696e7c733a31303a2231353235333331363030223b6c6173745f636865636b7c693a313532353333313734373b),
('ar0tarkb6h8ovsikrc75t947rd7l7j3o', '127.0.0.1', 1525836179, 0x5f5f63695f6c6173745f726567656e65726174657c693a313532353833343835353b6964656e746974797c733a31363a2261646d696e406573797374656d2e6165223b656d61696c7c733a31363a2261646d696e406573797374656d2e6165223b757365725f69647c733a313a2231223b6f6c645f6c6173745f6c6f67696e7c733a31303a2231353235373836363930223b6c6173745f636865636b7c693a313532353739313837343b),
('b3aec5dr3ptjjn69lln977h3gpqotvd1', '127.0.0.1', 1525790681, 0x5f5f63695f6c6173745f726567656e65726174657c693a313532353739303638313b),
('b5rl8d6iqgnligv31f5d32thd2r3qkr4', '127.0.0.1', 1525738153, 0x5f5f63695f6c6173745f726567656e65726174657c693a313532353733383135333b),
('b6qkkp36k1a87d4tl3e5jn172mu5ik8c', '127.0.0.1', 1525786002, 0x5f5f63695f6c6173745f726567656e65726174657c693a313532353738363030323b6964656e746974797c733a31373a2268696c6d616e6d40676d61696c2e636f6d223b656d61696c7c733a31373a2268696c6d616e6d40676d61696c2e636f6d223b757365725f69647c733a313a2234223b6f6c645f6c6173745f6c6f67696e7c4e3b6c6173745f636865636b7c693a313532353636323639323b),
('b8ocf1cmi7knaah1oqforqm3m26jqfhf', '127.0.0.1', 1525781980, 0x5f5f63695f6c6173745f726567656e65726174657c693a313532353738313937393b),
('b9lboj3m0csqsubfqa2opnftk1dk0t7l', '127.0.0.1', 1525749196, 0x5f5f63695f6c6173745f726567656e65726174657c693a313532353734393139363b6964656e746974797c733a31363a2261646d696e406573797374656d2e6165223b656d61696c7c733a31363a2261646d696e406573797374656d2e6165223b757365725f69647c733a313a2231223b6f6c645f6c6173745f6c6f67696e7c733a31303a2231353235373433373936223b6c6173745f636865636b7c693a313532353734393130333b),
('b9ldveusa9luc2fkohbkrtlhbu4dmjer', '127.0.0.1', 1525334981, 0x5f5f63695f6c6173745f726567656e65726174657c693a313532353333343938313b6964656e746974797c733a32363a226869727a696e757266616b687269616e40676d61696c2e636f6d223b656d61696c7c733a32363a226869727a696e757266616b687269616e40676d61696c2e636f6d223b757365725f69647c733a313a2232223b6f6c645f6c6173745f6c6f67696e7c733a31303a2231353235333331363030223b6c6173745f636865636b7c693a313532353333313734373b),
('bbqnrkrt0fekueeahm9no5j9svi20iun', '127.0.0.1', 1525394193, 0x5f5f63695f6c6173745f726567656e65726174657c693a313532353339343139333b6964656e746974797c733a32313a2276696e6b616c76696f6c6140676d61696c2e636f6d223b656d61696c7c733a32313a2276696e6b616c76696f6c6140676d61696c2e636f6d223b757365725f69647c733a313a2233223b6f6c645f6c6173745f6c6f67696e7c733a31303a2231353235333331363839223b6c6173745f636865636b7c693a313532353333353030313b),
('bcteud1lg11c3dv8dccjm5qh7hkr31l1', '127.0.0.1', 1525394785, 0x5f5f63695f6c6173745f726567656e65726174657c693a313532353339343738343b6964656e746974797c733a31363a2261646d696e406573797374656d2e6165223b656d61696c7c733a31363a2261646d696e406573797374656d2e6165223b757365725f69647c733a313a2231223b6f6c645f6c6173745f6c6f67696e7c733a31303a2231353235313633363332223b6c6173745f636865636b7c693a313532353339343730383b),
('bdq2a9tul74nhij6aqm3lr6pht8ds4q5', '127.0.0.1', 1525329640, 0x5f5f63695f6c6173745f726567656e65726174657c693a313532353332393634303b6964656e746974797c733a31363a2261646d696e406573797374656d2e6165223b656d61696c7c733a31363a2261646d696e406573797374656d2e6165223b757365725f69647c733a313a2231223b6f6c645f6c6173745f6c6f67696e7c733a31303a2231353235313539303732223b6c6173745f636865636b7c693a313532353136333633323b),
('bg4860gbvo1fuo47s2ule9ei8emnullt', '127.0.0.1', 1525420394, 0x5f5f63695f6c6173745f726567656e65726174657c693a313532353432303339343b6964656e746974797c733a31363a2261646d696e406573797374656d2e6165223b656d61696c7c733a31363a2261646d696e406573797374656d2e6165223b757365725f69647c733a313a2231223b6f6c645f6c6173745f6c6f67696e7c733a31303a2231353235333936313134223b6c6173745f636865636b7c693a313532353431353530393b),
('bj28k2el7r8uo8us2q6f11iblb4qo3fp', '127.0.0.1', 1525483456, 0x5f5f63695f6c6173745f726567656e65726174657c693a313532353438333435363b6964656e746974797c733a32363a226869727a696e757266616b687269616e40676d61696c2e636f6d223b656d61696c7c733a32363a226869727a696e757266616b687269616e40676d61696c2e636f6d223b757365725f69647c733a313a2232223b6f6c645f6c6173745f6c6f67696e7c733a31303a2231353235313430323436223b6c6173745f636865636b7c693a313532353232363734363b),
('ble19vktn5s4g742hlsqn40c76b9qg33', '127.0.0.1', 1525498352, 0x5f5f63695f6c6173745f726567656e65726174657c693a313532353439383335323b6d6573736167657c733a3231373a223c64697620636c6173733d22616c65727420616c6572742d7761726e696e6720616c6572742d6469736d69737369626c652220726f6c653d22616c657274223e3c627574746f6e20747970653d22627574746f6e2220636c6173733d22636c6f73652220646174612d6469736d6973733d22616c6572742220617269612d6c6162656c3d22436c6f7365223e3c7370616e20617269612d68696464656e3d2274727565223e2674696d65733b3c2f7370616e3e3c2f627574746f6e3e596f75206861766520746f206c6f67696e2066697273743c2f6469763e223b5f5f63695f766172737c613a313a7b733a373a226d657373616765223b733a333a226e6577223b7d),
('bo4v4t3r0abm9nvbveqt5anat03n0cm6', '127.0.0.1', 1525752290, 0x5f5f63695f6c6173745f726567656e65726174657c693a313532353735323239303b6964656e746974797c733a31363a2261646d696e406573797374656d2e6165223b656d61696c7c733a31363a2261646d696e406573797374656d2e6165223b757365725f69647c733a313a2231223b6f6c645f6c6173745f6c6f67696e7c733a31303a2231353235373433373936223b6c6173745f636865636b7c693a313532353734393130333b),
('bqpe468v5rst4urbq1bb4j1d8cao4b5q', '127.0.0.1', 1525398659, 0x5f5f63695f6c6173745f726567656e65726174657c693a313532353339383635393b6964656e746974797c733a31363a2261646d696e406573797374656d2e6165223b656d61696c7c733a31363a2261646d696e406573797374656d2e6165223b757365725f69647c733a313a2231223b6f6c645f6c6173745f6c6f67696e7c733a31303a2231353235333934373038223b6c6173745f636865636b7c693a313532353339363131343b),
('c06p8atjsjvfsordkb07dhj743p5t33i', '127.0.0.1', 1525663001, 0x5f5f63695f6c6173745f726567656e65726174657c693a313532353636333030313b6964656e746974797c733a31363a2261646d696e406573797374656d2e6165223b656d61696c7c733a31363a2261646d696e406573797374656d2e6165223b757365725f69647c733a313a2231223b6f6c645f6c6173745f6c6f67696e7c733a31303a2231353235363632333037223b6c6173745f636865636b7c693a313532353636323533383b),
('c5mgop28thlqv3t1tncr3s7qo9bojpo6', '127.0.0.1', 1525786595, 0x5f5f63695f6c6173745f726567656e65726174657c693a313532353738363539353b),
('c81ueouvpf95lllvcpp6g621d4gmr35t', '192.168.100.13', 1525792756, 0x5f5f63695f6c6173745f726567656e65726174657c693a313532353739323735363b),
('cbamd6j2h7btt4hl0cjn3ia313p1qpi3', '127.0.0.1', 1525790991, 0x5f5f63695f6c6173745f726567656e65726174657c693a313532353739303939313b),
('cfj6nbfsg0oj0cn9brhffmhsgc9s7od6', '127.0.0.1', 1525482901, 0x5f5f63695f6c6173745f726567656e65726174657c693a313532353438323930303b6964656e746974797c733a31363a2261646d696e406573797374656d2e6165223b656d61696c7c733a31363a2261646d696e406573797374656d2e6165223b757365725f69647c733a313a2231223b6f6c645f6c6173745f6c6f67696e7c733a31303a2231353235343135353039223b6c6173745f636865636b7c693a313532353438323136333b),
('cjqj0nkdv7v4e939kdvc1j7d1uhrt15s', '127.0.0.1', 1525495459, 0x6d6573736167657c733a3231373a223c64697620636c6173733d22616c65727420616c6572742d7761726e696e6720616c6572742d6469736d69737369626c652220726f6c653d22616c657274223e3c627574746f6e20747970653d22627574746f6e2220636c6173733d22636c6f73652220646174612d6469736d6973733d22616c6572742220617269612d6c6162656c3d22436c6f7365223e3c7370616e20617269612d68696464656e3d2274727565223e2674696d65733b3c2f7370616e3e3c2f627574746f6e3e596f75206861766520746f206c6f67696e2066697273743c2f6469763e223b5f5f63695f766172737c613a313a7b733a373a226d657373616765223b733a333a226f6c64223b7d5f5f63695f6c6173745f726567656e65726174657c693a313532353439353435393b),
('ckulcjqrcm0b49gnqf321li2lviaqroj', '127.0.0.1', 1525824778, 0x5f5f63695f6c6173745f726567656e65726174657c693a313532353832343737383b6964656e746974797c733a31363a2261646d696e406573797374656d2e6165223b656d61696c7c733a31363a2261646d696e406573797374656d2e6165223b757365725f69647c733a313a2231223b6f6c645f6c6173745f6c6f67696e7c733a31303a2231353235373836363930223b6c6173745f636865636b7c693a313532353739313837343b),
('cn4kuvj341c16kjhutq21foqj7kvdabv', '127.0.0.1', 1525398523, 0x5f5f63695f6c6173745f726567656e65726174657c693a313532353339383532333b6964656e746974797c733a31363a2261646d696e406573797374656d2e6165223b656d61696c7c733a31363a2261646d696e406573797374656d2e6165223b757365725f69647c733a313a2231223b6f6c645f6c6173745f6c6f67696e7c733a31303a2231353235333934373038223b6c6173745f636865636b7c693a313532353339363131343b),
('d1ckdbj486lnp1ho1osf5v75k0c46imh', '127.0.0.1', 1525330814, 0x5f5f63695f6c6173745f726567656e65726174657c693a313532353333303831343b6964656e746974797c733a32363a226869727a696e757266616b687269616e40676d61696c2e636f6d223b656d61696c7c733a32363a226869727a696e757266616b687269616e40676d61696c2e636f6d223b757365725f69647c733a313a2232223b6f6c645f6c6173745f6c6f67696e7c733a31303a2231353235313430323436223b6c6173745f636865636b7c693a313532353232363734363b),
('d3o1ml0gsai8fqa5me9n0d6kvgfekosu', '127.0.0.1', 1525789174, 0x5f5f63695f6c6173745f726567656e65726174657c693a313532353738393137343b),
('d6chn9633c610fl70l1bfp00e5cguo47', '127.0.0.1', 1525396103, 0x6d6573736167657c733a3231373a223c64697620636c6173733d22616c65727420616c6572742d7761726e696e6720616c6572742d6469736d69737369626c652220726f6c653d22616c657274223e3c627574746f6e20747970653d22627574746f6e2220636c6173733d22636c6f73652220646174612d6469736d6973733d22616c6572742220617269612d6c6162656c3d22436c6f7365223e3c7370616e20617269612d68696464656e3d2274727565223e2674696d65733b3c2f7370616e3e3c2f627574746f6e3e596f75206861766520746f206c6f67696e2066697273743c2f6469763e223b5f5f63695f766172737c613a313a7b733a373a226d657373616765223b733a333a226e6577223b7d),
('divb4dgs5ed1gnjr1e6uqm6rpo40gcll', '127.0.0.1', 1525822376, 0x5f5f63695f6c6173745f726567656e65726174657c693a313532353832323337363b6964656e746974797c733a31363a2261646d696e406573797374656d2e6165223b656d61696c7c733a31363a2261646d696e406573797374656d2e6165223b757365725f69647c733a313a2231223b6f6c645f6c6173745f6c6f67696e7c733a31303a2231353235373836363930223b6c6173745f636865636b7c693a313532353739313837343b),
('dkgqeiu0arhlea8k43o9a6fktt3ac584', '127.0.0.1', 1525789245, 0x5f5f63695f6c6173745f726567656e65726174657c693a313532353738393234353b6964656e746974797c733a31373a2268696c6d616e6d40676d61696c2e636f6d223b656d61696c7c733a31373a2268696c6d616e6d40676d61696c2e636f6d223b757365725f69647c733a313a2234223b6f6c645f6c6173745f6c6f67696e7c4e3b6c6173745f636865636b7c693a313532353636323639323b);
INSERT INTO `ci_sessions` (`id`, `ip_address`, `timestamp`, `data`) VALUES
('dmdodqmm7kcp4i6vm4dj1441012ue3e7', '127.0.0.1', 1525749271, 0x5f5f63695f6c6173745f726567656e65726174657c693a313532353734393237313b6964656e746974797c733a31363a2261646d696e406573797374656d2e6165223b656d61696c7c733a31363a2261646d696e406573797374656d2e6165223b757365725f69647c733a313a2231223b6f6c645f6c6173745f6c6f67696e7c733a31303a2231353235373433373936223b6c6173745f636865636b7c693a313532353734393130333b),
('dnc9k5so29i6g2teaf5pjv83sr5htgrj', '127.0.0.1', 1525791205, 0x5f5f63695f6c6173745f726567656e65726174657c693a313532353739313230353b),
('dpjpr68gtu5u5g1ekf316dprnbv3pkdb', '127.0.0.1', 1525784641, 0x5f5f63695f6c6173745f726567656e65726174657c693a313532353738343634313b),
('dqp874mt8uvuttqi0anop6jo9c8d8o1s', '127.0.0.1', 1525397751, 0x5f5f63695f6c6173745f726567656e65726174657c693a313532353339373735313b6964656e746974797c733a31363a2261646d696e406573797374656d2e6165223b656d61696c7c733a31363a2261646d696e406573797374656d2e6165223b757365725f69647c733a313a2231223b6f6c645f6c6173745f6c6f67696e7c733a31303a2231353235333934373038223b6c6173745f636865636b7c693a313532353339363131343b),
('dshb586op69s5tjrjsuotrjpr7b2vtkh', '127.0.0.1', 1525482141, 0x5f5f63695f6c6173745f726567656e65726174657c693a313532353438323134313b6d6573736167657c733a3231373a223c64697620636c6173733d22616c65727420616c6572742d7761726e696e6720616c6572742d6469736d69737369626c652220726f6c653d22616c657274223e3c627574746f6e20747970653d22627574746f6e2220636c6173733d22636c6f73652220646174612d6469736d6973733d22616c6572742220617269612d6c6162656c3d22436c6f7365223e3c7370616e20617269612d68696464656e3d2274727565223e2674696d65733b3c2f7370616e3e3c2f627574746f6e3e596f75206861766520746f206c6f67696e2066697273743c2f6469763e223b5f5f63695f766172737c613a313a7b733a373a226d657373616765223b733a333a226e6577223b7d),
('e1dji4p1q6nots06vq3p208nq6sld7ue', '127.0.0.1', 1525749446, 0x5f5f63695f6c6173745f726567656e65726174657c693a313532353734393434353b6964656e746974797c733a31363a2261646d696e406573797374656d2e6165223b656d61696c7c733a31363a2261646d696e406573797374656d2e6165223b757365725f69647c733a313a2231223b6f6c645f6c6173745f6c6f67696e7c733a31303a2231353235373433373936223b6c6173745f636865636b7c693a313532353734393130333b),
('e5bntjneng75bn9aqbvqe7tekv4g7ku8', '127.0.0.1', 1525353306, 0x5f5f63695f6c6173745f726567656e65726174657c693a313532353335333330343b6964656e746974797c733a32313a2276696e6b616c76696f6c6140676d61696c2e636f6d223b656d61696c7c733a32313a2276696e6b616c76696f6c6140676d61696c2e636f6d223b757365725f69647c733a313a2233223b6f6c645f6c6173745f6c6f67696e7c733a31303a2231353235333331363839223b6c6173745f636865636b7c693a313532353333353030313b),
('edb8b9ujb29ffkmvv6s6j7vesj4qsarv', '127.0.0.1', 1525787825, 0x5f5f63695f6c6173745f726567656e65726174657c693a313532353738373832353b),
('eg8th28a92q5a8vjv3om2hh0tsoamhen', '127.0.0.1', 1525329801, 0x5f5f63695f6c6173745f726567656e65726174657c693a313532353332393830313b6964656e746974797c733a31363a2261646d696e406573797374656d2e6165223b656d61696c7c733a31363a2261646d696e406573797374656d2e6165223b757365725f69647c733a313a2231223b6f6c645f6c6173745f6c6f67696e7c733a31303a2231353235313539303732223b6c6173745f636865636b7c693a313532353136333633323b),
('ejg3old6mlk0rtj9it7d7kr28j7782s3', '127.0.0.1', 1525313524, 0x5f5f63695f6c6173745f726567656e65726174657c693a313532353331333532343b6964656e746974797c733a31363a2261646d696e406573797374656d2e6165223b656d61696c7c733a31363a2261646d696e406573797374656d2e6165223b757365725f69647c733a313a2231223b6f6c645f6c6173745f6c6f67696e7c733a31303a2231353235313539303732223b6c6173745f636865636b7c693a313532353136333633323b),
('esradjdap1llpn2cjgajmieb0a2pppo0', '127.0.0.1', 1525419644, 0x5f5f63695f6c6173745f726567656e65726174657c693a313532353431393634303b6964656e746974797c733a31363a2261646d696e406573797374656d2e6165223b656d61696c7c733a31363a2261646d696e406573797374656d2e6165223b757365725f69647c733a313a2231223b6f6c645f6c6173745f6c6f67696e7c733a31303a2231353235333936313134223b6c6173745f636865636b7c693a313532353431353530393b),
('f74nf1cj14fg9a88a2ucmh0vduegqeuc', '127.0.0.1', 1525329455, 0x5f5f63695f6c6173745f726567656e65726174657c693a313532353332393435353b6964656e746974797c733a31363a2261646d696e406573797374656d2e6165223b656d61696c7c733a31363a2261646d696e406573797374656d2e6165223b757365725f69647c733a313a2231223b6f6c645f6c6173745f6c6f67696e7c733a31303a2231353235313539303732223b6c6173745f636865636b7c693a313532353136333633323b),
('f7uafiktsa7p1rn1q67jjopn8rsn3jmc', '127.0.0.1', 1525330820, 0x5f5f63695f6c6173745f726567656e65726174657c693a313532353333303832303b6964656e746974797c733a31363a2261646d696e406573797374656d2e6165223b656d61696c7c733a31363a2261646d696e406573797374656d2e6165223b757365725f69647c733a313a2231223b6f6c645f6c6173745f6c6f67696e7c733a31303a2231353235313539303732223b6c6173745f636865636b7c693a313532353136333633323b),
('f843mq5l8bq6ndvil57tkf37v0s049ho', '127.0.0.1', 1525789794, 0x5f5f63695f6c6173745f726567656e65726174657c693a313532353738393739343b6964656e746974797c733a31373a2268696c6d616e6d40676d61696c2e636f6d223b656d61696c7c733a31373a2268696c6d616e6d40676d61696c2e636f6d223b757365725f69647c733a313a2234223b6f6c645f6c6173745f6c6f67696e7c4e3b6c6173745f636865636b7c693a313532353636323639323b),
('fa2evroe92n8psgnmmj4su56skuo96l4', '127.0.0.1', 1525313192, 0x5f5f63695f6c6173745f726567656e65726174657c693a313532353331333139323b6964656e746974797c733a31363a2261646d696e406573797374656d2e6165223b656d61696c7c733a31363a2261646d696e406573797374656d2e6165223b757365725f69647c733a313a2231223b6f6c645f6c6173745f6c6f67696e7c733a31303a2231353235313539303732223b6c6173745f636865636b7c693a313532353136333633323b),
('fqsve53a05d0v1n8d6mv3q3tcofvghd1', '127.0.0.1', 1525313665, 0x5f5f63695f6c6173745f726567656e65726174657c693a313532353331333636353b6964656e746974797c733a31363a2261646d696e406573797374656d2e6165223b656d61696c7c733a31363a2261646d696e406573797374656d2e6165223b757365725f69647c733a313a2231223b6f6c645f6c6173745f6c6f67696e7c733a31303a2231353235313539303732223b6c6173745f636865636b7c693a313532353136333633323b),
('fsodfvqquujphubk47nlrlebcpruu6jp', '127.0.0.1', 1525829152, 0x5f5f63695f6c6173745f726567656e65726174657c693a313532353832393135323b6964656e746974797c733a31363a2261646d696e406573797374656d2e6165223b656d61696c7c733a31363a2261646d696e406573797374656d2e6165223b757365725f69647c733a313a2231223b6f6c645f6c6173745f6c6f67696e7c733a31303a2231353235373836363930223b6c6173745f636865636b7c693a313532353739313837343b),
('fu1afh3jl4at4g5dlmfqj0tdb1sdo1ia', '127.0.0.1', 1525792204, 0x5f5f63695f6c6173745f726567656e65726174657c693a313532353739323230343b6964656e746974797c733a31363a2261646d696e406573797374656d2e6165223b656d61696c7c733a31363a2261646d696e406573797374656d2e6165223b757365725f69647c733a313a2231223b6f6c645f6c6173745f6c6f67696e7c733a31303a2231353235373836363930223b6c6173745f636865636b7c693a313532353739313837343b),
('fuu7i7ahi92ect0m5fd3jgvk1bap6htl', '172.16.6.37', 1525747057, 0x5f5f63695f6c6173745f726567656e65726174657c693a313532353734373035333b),
('fvkelbfjhgkll9l3vktjrohfd327ppst', '127.0.0.1', 1525790591, 0x5f5f63695f6c6173745f726567656e65726174657c693a313532353739303539313b),
('g4o81uvtt8s3942ig1h26qgtgl3257bb', '127.0.0.1', 1525829323, 0x5f5f63695f6c6173745f726567656e65726174657c693a313532353832393332323b6964656e746974797c733a31363a2261646d696e406573797374656d2e6165223b656d61696c7c733a31363a2261646d696e406573797374656d2e6165223b757365725f69647c733a313a2231223b6f6c645f6c6173745f6c6f67696e7c733a31303a2231353235373836363930223b6c6173745f636865636b7c693a313532353739313837343b),
('gb1jul9lerkm2qadtjpq4sbdkaov6r6q', '127.0.0.1', 1525663288, 0x5f5f63695f6c6173745f726567656e65726174657c693a313532353636333238373b6964656e746974797c733a31363a2261646d696e406573797374656d2e6165223b656d61696c7c733a31363a2261646d696e406573797374656d2e6165223b757365725f69647c733a313a2231223b6f6c645f6c6173745f6c6f67696e7c733a31303a2231353235363632333037223b6c6173745f636865636b7c693a313532353636323533383b),
('gchma6hiah18lec49lqksosod6gpg950', '127.0.0.1', 1525789341, 0x5f5f63695f6c6173745f726567656e65726174657c693a313532353738393334313b),
('gefqa5hs56u6or7nqcf42br8r2trpp4u', '127.0.0.1', 1525331553, 0x5f5f63695f6c6173745f726567656e65726174657c693a313532353333313535323b6964656e746974797c733a31363a2261646d696e406573797374656d2e6165223b656d61696c7c733a31363a2261646d696e406573797374656d2e6165223b757365725f69647c733a313a2231223b6f6c645f6c6173745f6c6f67696e7c733a31303a2231353235313539303732223b6c6173745f636865636b7c693a313532353136333633323b),
('gelopg9kdpu2veqspluotdttdpi4fr3l', '127.0.0.1', 1525314045, 0x5f5f63695f6c6173745f726567656e65726174657c693a313532353331343034353b6964656e746974797c733a31363a2261646d696e406573797374656d2e6165223b656d61696c7c733a31363a2261646d696e406573797374656d2e6165223b757365725f69647c733a313a2231223b6f6c645f6c6173745f6c6f67696e7c733a31303a2231353235313539303732223b6c6173745f636865636b7c693a313532353136333633323b),
('gn4dosmlc19njbi1aq2rqga5mgsr01sq', '127.0.0.1', 1525783208, 0x5f5f63695f6c6173745f726567656e65726174657c693a313532353738333230383b6964656e746974797c733a31373a2268696c6d616e6d40676d61696c2e636f6d223b656d61696c7c733a31373a2268696c6d616e6d40676d61696c2e636f6d223b757365725f69647c733a313a2234223b6f6c645f6c6173745f6c6f67696e7c4e3b6c6173745f636865636b7c693a313532353636323639323b),
('gnmr16d0cvn1qj4g8vtm328fdt5a8mjp', '127.0.0.1', 1525483974, 0x5f5f63695f6c6173745f726567656e65726174657c693a313532353438333937343b6d6573736167657c733a3231373a223c64697620636c6173733d22616c65727420616c6572742d7761726e696e6720616c6572742d6469736d69737369626c652220726f6c653d22616c657274223e3c627574746f6e20747970653d22627574746f6e2220636c6173733d22636c6f73652220646174612d6469736d6973733d22616c6572742220617269612d6c6162656c3d22436c6f7365223e3c7370616e20617269612d68696464656e3d2274727565223e2674696d65733b3c2f7370616e3e3c2f627574746f6e3e596f75206861766520746f206c6f67696e2066697273743c2f6469763e223b5f5f63695f766172737c613a313a7b733a373a226d657373616765223b733a333a226e6577223b7d),
('grtdarebul4q8sb11t90tmjmpj128bal', '127.0.0.1', 1525791323, 0x5f5f63695f6c6173745f726567656e65726174657c693a313532353739313332333b),
('h036lpjitvq5iqgg6d5ju1rpfe7jd36t', '127.0.0.1', 1525787297, 0x5f5f63695f6c6173745f726567656e65726174657c693a313532353738373239373b),
('h2c70fl524g0bci4jh9p45fisarj8kqj', '127.0.0.1', 1525313887, 0x5f5f63695f6c6173745f726567656e65726174657c693a313532353331333838373b6964656e746974797c733a31363a2261646d696e406573797374656d2e6165223b656d61696c7c733a31363a2261646d696e406573797374656d2e6165223b757365725f69647c733a313a2231223b6f6c645f6c6173745f6c6f67696e7c733a31303a2231353235313539303732223b6c6173745f636865636b7c693a313532353136333633323b),
('h30gpdlfv7bv4qil24jip1pmcqe80pq7', '127.0.0.1', 1525824937, 0x5f5f63695f6c6173745f726567656e65726174657c693a313532353832343933373b6964656e746974797c733a31363a2261646d696e406573797374656d2e6165223b656d61696c7c733a31363a2261646d696e406573797374656d2e6165223b757365725f69647c733a313a2231223b6f6c645f6c6173745f6c6f67696e7c733a31303a2231353235373932383731223b6c6173745f636865636b7c693a313532353832323839323b),
('h32gp83c0mojhdem4qh45bia8ertnke8', '127.0.0.1', 1525822586, 0x5f5f63695f6c6173745f726567656e65726174657c693a313532353739343739373b6964656e746974797c733a31373a2268696c6d616e6d40676d61696c2e636f6d223b656d61696c7c733a31373a2268696c6d616e6d40676d61696c2e636f6d223b757365725f69647c733a313a2234223b6f6c645f6c6173745f6c6f67696e7c4e3b6c6173745f636865636b7c693a313532353636323639323b),
('h564s9skdbh3b5mkt4hhmfp0qf80ghqf', '127.0.0.1', 1525662768, 0x5f5f63695f6c6173745f726567656e65726174657c693a313532353636323736373b6964656e746974797c733a31363a2261646d696e406573797374656d2e6165223b656d61696c7c733a31363a2261646d696e406573797374656d2e6165223b757365725f69647c733a313a2231223b6f6c645f6c6173745f6c6f67696e7c733a31303a2231353235363632333037223b6c6173745f636865636b7c693a313532353636323533383b),
('h6fldkf98ts62s1e9jmpgar5mcboj2vq', '127.0.0.1', 1525792487, 0x5f5f63695f6c6173745f726567656e65726174657c693a313532353739323438373b6964656e746974797c733a31363a2261646d696e406573797374656d2e6165223b656d61696c7c733a31363a2261646d696e406573797374656d2e6165223b757365725f69647c733a313a2231223b6f6c645f6c6173745f6c6f67696e7c733a31303a2231353235373836363930223b6c6173745f636865636b7c693a313532353739313837343b),
('h6iv7vkei261uor6cqu3dv0urpl65g12', '127.0.0.1', 1525789967, 0x5f5f63695f6c6173745f726567656e65726174657c693a313532353738393936373b),
('ha2up2te7nq4j5gabj68uel1rqdr3958', '127.0.0.1', 1525495779, 0x5f5f63695f6c6173745f726567656e65726174657c693a313532353439353737393b6964656e746974797c733a32363a226869727a696e757266616b687269616e40676d61696c2e636f6d223b656d61696c7c733a32363a226869727a696e757266616b687269616e40676d61696c2e636f6d223b757365725f69647c733a313a2232223b6f6c645f6c6173745f6c6f67696e7c733a31303a2231353235313430323436223b6c6173745f636865636b7c693a313532353232363734363b),
('hbgar2es06rkepeo1o1ki6r6hk87iv5b', '127.0.0.1', 1525787041, 0x5f5f63695f6c6173745f726567656e65726174657c693a313532353738373034313b6964656e746974797c733a31363a2261646d696e406573797374656d2e6165223b656d61696c7c733a31363a2261646d696e406573797374656d2e6165223b757365725f69647c733a313a2231223b6f6c645f6c6173745f6c6f67696e7c733a31303a2231353235373439313033223b6c6173745f636865636b7c693a313532353738363639303b),
('hcpg4iuuprep6i0v4e7pjoj46781b22v', '127.0.0.1', 1525415913, 0x5f5f63695f6c6173745f726567656e65726174657c693a313532353431353931333b6964656e746974797c733a31363a2261646d696e406573797374656d2e6165223b656d61696c7c733a31363a2261646d696e406573797374656d2e6165223b757365725f69647c733a313a2231223b6f6c645f6c6173745f6c6f67696e7c733a31303a2231353235333936313134223b6c6173745f636865636b7c693a313532353431353530393b),
('hiccp9r7bohh8srq4j560lo9kerflbgv', '127.0.0.1', 1525826917, 0x5f5f63695f6c6173745f726567656e65726174657c693a313532353832363931373b6964656e746974797c733a31363a2261646d696e406573797374656d2e6165223b656d61696c7c733a31363a2261646d696e406573797374656d2e6165223b757365725f69647c733a313a2231223b6f6c645f6c6173745f6c6f67696e7c733a31303a2231353235373836363930223b6c6173745f636865636b7c693a313532353739313837343b),
('hiias4dmuta0b7r6av39brga50ueft0c', '127.0.0.1', 1525787958, 0x5f5f63695f6c6173745f726567656e65726174657c693a313532353738373935383b6964656e746974797c733a31373a2268696c6d616e6d40676d61696c2e636f6d223b656d61696c7c733a31373a2268696c6d616e6d40676d61696c2e636f6d223b757365725f69647c733a313a2234223b6f6c645f6c6173745f6c6f67696e7c4e3b6c6173745f636865636b7c693a313532353636323639323b),
('hio2i7fm63idgs21bjd6f1ta5le3burg', '127.0.0.1', 1525789693, 0x5f5f63695f6c6173745f726567656e65726174657c693a313532353738393639333b),
('hjj4ujjdcdird52mvaqks8bl0cpvrjdk', '127.0.0.1', 1525331064, 0x5f5f63695f6c6173745f726567656e65726174657c693a313532353333313036343b6964656e746974797c733a31363a2261646d696e406573797374656d2e6165223b656d61696c7c733a31363a2261646d696e406573797374656d2e6165223b757365725f69647c733a313a2231223b6f6c645f6c6173745f6c6f67696e7c733a31303a2231353235313539303732223b6c6173745f636865636b7c693a313532353136333633323b),
('hmp0qcg4mhgr6gk04ctjp6kqn5q7920i', '127.0.0.1', 1525394702, 0x5f5f63695f6c6173745f726567656e65726174657c693a313532353339343730303b6d6573736167657c733a3231343a223c64697620636c6173733d22616c65727420616c6572742d696e666f20616c6572742d6469736d69737369626c652220726f6c653d22616c657274223e3c627574746f6e20747970653d22627574746f6e2220636c6173733d22636c6f73652220646174612d6469736d6973733d22616c6572742220617269612d6c6162656c3d22436c6f7365223e3c7370616e20617269612d68696464656e3d2274727565223e2674696d65733b3c2f7370616e3e3c2f627574746f6e3e4c6f67676564204f7574205375636365737366756c6c793c2f6469763e223b5f5f63695f766172737c613a313a7b733a373a226d657373616765223b733a333a226f6c64223b7d),
('huq76q7b1p5nciofuqvqcc0j2tn1f8ca', '127.0.0.1', 1525824523, 0x5f5f63695f6c6173745f726567656e65726174657c693a313532353832343532333b),
('i263ac4qi4unf9boi7b43fil9jmf56qo', '192.168.100.3', 1525791897, 0x5f5f63695f6c6173745f726567656e65726174657c693a313532353739313231323b),
('i2mc738mmf6mppokmnhmsres02echgq6', '127.0.0.1', 1525787491, 0x5f5f63695f6c6173745f726567656e65726174657c693a313532353738373439313b),
('i57kqebs1cems3t0d51d9jgeiei4ba2o', '127.0.0.1', 1525830516, 0x5f5f63695f6c6173745f726567656e65726174657c693a313532353833303531363b6964656e746974797c733a31363a2261646d696e406573797374656d2e6165223b656d61696c7c733a31363a2261646d696e406573797374656d2e6165223b757365725f69647c733a313a2231223b6f6c645f6c6173745f6c6f67696e7c733a31303a2231353235373836363930223b6c6173745f636865636b7c693a313532353739313837343b),
('i9rq2iha3gcbhjt0m8hh2it0as3cc8au', '172.16.6.70', 1525760219, 0x5f5f63695f6c6173745f726567656e65726174657c693a313532353736303231393b),
('idqe90dds9dtoc0dl4da41m5vv9l6u90', '172.16.6.70', 1525760220, 0x5f5f63695f6c6173745f726567656e65726174657c693a313532353736303232303b),
('ies7tcjrtle9srji5u6q1kl1hk0h9jta', '127.0.0.1', 1525396195, 0x5f5f63695f6c6173745f726567656e65726174657c693a313532353339363139353b6964656e746974797c733a31363a2261646d696e406573797374656d2e6165223b656d61696c7c733a31363a2261646d696e406573797374656d2e6165223b757365725f69647c733a313a2231223b6f6c645f6c6173745f6c6f67696e7c733a31303a2231353235333934373038223b6c6173745f636865636b7c693a313532353339363131343b),
('ih1jft1j9a2as869nra26153u0sof22h', '127.0.0.1', 1525829448, 0x5f5f63695f6c6173745f726567656e65726174657c693a313532353832393434383b6964656e746974797c733a31363a2261646d696e406573797374656d2e6165223b656d61696c7c733a31363a2261646d696e406573797374656d2e6165223b757365725f69647c733a313a2231223b6f6c645f6c6173745f6c6f67696e7c733a31303a2231353235373836363930223b6c6173745f636865636b7c693a313532353739313837343b),
('iie8jh6mnsssko44vgje4ev0og6gv6p9', '127.0.0.1', 1525331213, 0x5f5f63695f6c6173745f726567656e65726174657c693a313532353333313231323b6d6573736167657c733a3231373a223c64697620636c6173733d22616c65727420616c6572742d7761726e696e6720616c6572742d6469736d69737369626c652220726f6c653d22616c657274223e3c627574746f6e20747970653d22627574746f6e2220636c6173733d22636c6f73652220646174612d6469736d6973733d22616c6572742220617269612d6c6162656c3d22436c6f7365223e3c7370616e20617269612d68696464656e3d2274727565223e2674696d65733b3c2f7370616e3e3c2f627574746f6e3e596f75206861766520746f206c6f67696e2066697273743c2f6469763e223b5f5f63695f766172737c613a313a7b733a373a226d657373616765223b733a333a226e6577223b7d),
('ijkula8p50p6mt20vft4tchsq9tohvr4', '127.0.0.1', 1525822440, 0x5f5f63695f6c6173745f726567656e65726174657c693a313532353832323434303b6964656e746974797c733a31363a2261646d696e406573797374656d2e6165223b656d61696c7c733a31363a2261646d696e406573797374656d2e6165223b757365725f69647c733a313a2231223b6f6c645f6c6173745f6c6f67696e7c733a31303a2231353235373836363930223b6c6173745f636865636b7c693a313532353739313837343b),
('iop9lmsit5jjmvggaougaftnigtto1ck', '172.16.6.70', 1525760238, 0x5f5f63695f6c6173745f726567656e65726174657c693a313532353736303232313b),
('irk8rk79j7q9r1bjq8r63ff51kvcf805', '127.0.0.1', 1525789096, 0x5f5f63695f6c6173745f726567656e65726174657c693a313532353738393039363b),
('irsfneu6ofcf10u0393olujh3s62oqjn', '127.0.0.1', 1525420017, 0x5f5f63695f6c6173745f726567656e65726174657c693a313532353432303031373b6964656e746974797c733a31363a2261646d696e406573797374656d2e6165223b656d61696c7c733a31363a2261646d696e406573797374656d2e6165223b757365725f69647c733a313a2231223b6f6c645f6c6173745f6c6f67696e7c733a31303a2231353235333936313134223b6c6173745f636865636b7c693a313532353431353530393b),
('isl1oe9ks2hts8o30ps9qu7k54grcdop', '127.0.0.1', 1525394697, 0x5f5f63695f6c6173745f726567656e65726174657c693a313532353339343639363b6964656e746974797c733a32313a2276696e6b616c76696f6c6140676d61696c2e636f6d223b656d61696c7c733a32313a2276696e6b616c76696f6c6140676d61696c2e636f6d223b757365725f69647c733a313a2233223b6f6c645f6c6173745f6c6f67696e7c733a31303a2231353235333331363839223b6c6173745f636865636b7c693a313532353333353030313b),
('j0nhh6s7flpelp4o2mnomctvud0kuf4h', '127.0.0.1', 1525498243, 0x5f5f63695f6c6173745f726567656e65726174657c693a313532353439383234333b6964656e746974797c733a32313a2276696e6b616c76696f6c6140676d61696c2e636f6d223b656d61696c7c733a32313a2276696e6b616c76696f6c6140676d61696c2e636f6d223b757365725f69647c733a313a2233223b6f6c645f6c6173745f6c6f67696e7c733a31303a2231353235333335303031223b6c6173745f636865636b7c693a313532353439353930353b),
('j4etj66gsmskc1bi8rdcdhn7lm2t5f73', '127.0.0.1', 1525397946, 0x5f5f63695f6c6173745f726567656e65726174657c693a313532353339373934343b6964656e746974797c733a31363a2261646d696e406573797374656d2e6165223b656d61696c7c733a31363a2261646d696e406573797374656d2e6165223b757365725f69647c733a313a2231223b6f6c645f6c6173745f6c6f67696e7c733a31303a2231353235333934373038223b6c6173745f636865636b7c693a313532353339363131343b),
('j75spevtcia7agh7jn2s49i8tfuttn99', '127.0.0.1', 1525754147, 0x6d6573736167657c733a3231373a223c64697620636c6173733d22616c65727420616c6572742d7761726e696e6720616c6572742d6469736d69737369626c652220726f6c653d22616c657274223e3c627574746f6e20747970653d22627574746f6e2220636c6173733d22636c6f73652220646174612d6469736d6973733d22616c6572742220617269612d6c6162656c3d22436c6f7365223e3c7370616e20617269612d68696464656e3d2274727565223e2674696d65733b3c2f7370616e3e3c2f627574746f6e3e596f75206861766520746f206c6f67696e2066697273743c2f6469763e223b5f5f63695f766172737c613a313a7b733a373a226d657373616765223b733a333a226e6577223b7d),
('j84q34ekt1i0tmaskpfs30o8m14rogod', '127.0.0.1', 1525788304, 0x5f5f63695f6c6173745f726567656e65726174657c693a313532353738383330343b),
('j9ut7emeblhe3d6c852p17pbms9rmgpr', '127.0.0.1', 1525828998, 0x5f5f63695f6c6173745f726567656e65726174657c693a313532353832383939373b6964656e746974797c733a31363a2261646d696e406573797374656d2e6165223b656d61696c7c733a31363a2261646d696e406573797374656d2e6165223b757365725f69647c733a313a2231223b6f6c645f6c6173745f6c6f67696e7c733a31303a2231353235373836363930223b6c6173745f636865636b7c693a313532353739313837343b),
('jc9bfb33v8evbtleq93nufg75l28308l', '127.0.0.1', 1525663004, 0x5f5f63695f6c6173745f726567656e65726174657c693a313532353636333030343b6964656e746974797c733a31373a2268696c6d616e6d40676d61696c2e636f6d223b656d61696c7c733a31373a2268696c6d616e6d40676d61696c2e636f6d223b757365725f69647c733a313a2234223b6f6c645f6c6173745f6c6f67696e7c4e3b6c6173745f636865636b7c693a313532353636323639323b),
('jceacvautc17s2bgu3ih27o8cgq0kej4', '127.0.0.1', 1525662655, 0x5f5f63695f6c6173745f726567656e65726174657c693a313532353636323635353b6964656e746974797c733a31363a2261646d696e406573797374656d2e6165223b656d61696c7c733a31363a2261646d696e406573797374656d2e6165223b757365725f69647c733a313a2231223b6f6c645f6c6173745f6c6f67696e7c733a31303a2231353235363632333037223b6c6173745f636865636b7c693a313532353636323533383b),
('jdg5fvvaj00afe1n88150lau4ap280if', '127.0.0.1', 1525498733, 0x5f5f63695f6c6173745f726567656e65726174657c693a313532353439383733333b6964656e746974797c733a32363a226869727a696e757266616b687269616e40676d61696c2e636f6d223b656d61696c7c733a32363a226869727a696e757266616b687269616e40676d61696c2e636f6d223b757365725f69647c733a313a2232223b6f6c645f6c6173745f6c6f67696e7c733a31303a2231353235333331373437223b6c6173745f636865636b7c693a313532353439353436303b),
('jer5ma2nb05a0kahos37mcoh5b96u9d5', '127.0.0.1', 1525498352, 0x5f5f63695f6c6173745f726567656e65726174657c693a313532353439383335323b6d6573736167657c733a3231373a223c64697620636c6173733d22616c65727420616c6572742d7761726e696e6720616c6572742d6469736d69737369626c652220726f6c653d22616c657274223e3c627574746f6e20747970653d22627574746f6e2220636c6173733d22636c6f73652220646174612d6469736d6973733d22616c6572742220617269612d6c6162656c3d22436c6f7365223e3c7370616e20617269612d68696464656e3d2274727565223e2674696d65733b3c2f7370616e3e3c2f627574746f6e3e596f75206861766520746f206c6f67696e2066697273743c2f6469763e223b5f5f63695f766172737c613a313a7b733a373a226d657373616765223b733a333a226e6577223b7d),
('jgb15fhcvhitr8jbfc99bjjgem8krq5i', '127.0.0.1', 1525787694, 0x5f5f63695f6c6173745f726567656e65726174657c693a313532353738373639343b),
('ji7k7cms6k1gs96bfidfeg16ht14sbfo', '127.0.0.1', 1525828795, 0x5f5f63695f6c6173745f726567656e65726174657c693a313532353832383739353b6964656e746974797c733a31363a2261646d696e406573797374656d2e6165223b656d61696c7c733a31363a2261646d696e406573797374656d2e6165223b757365725f69647c733a313a2231223b6f6c645f6c6173745f6c6f67696e7c733a31303a2231353235373836363930223b6c6173745f636865636b7c693a313532353739313837343b),
('jj1gl8ip6qmhbet5tcbu08q4uil673bj', '127.0.0.1', 1525330920, 0x5f5f63695f6c6173745f726567656e65726174657c693a313532353333303932303b6964656e746974797c733a31363a2261646d696e406573797374656d2e6165223b656d61696c7c733a31363a2261646d696e406573797374656d2e6165223b757365725f69647c733a313a2231223b6f6c645f6c6173745f6c6f67696e7c733a31303a2231353235313539303732223b6c6173745f636865636b7c693a313532353136333633323b),
('jl1d6gcnos8nke5ipqnrion1rtohiraj', '127.0.0.1', 1525394941, 0x5f5f63695f6c6173745f726567656e65726174657c693a313532353339343934303b6964656e746974797c733a31363a2261646d696e406573797374656d2e6165223b656d61696c7c733a31363a2261646d696e406573797374656d2e6165223b757365725f69647c733a313a2231223b6f6c645f6c6173745f6c6f67696e7c733a31303a2231353235313633363332223b6c6173745f636865636b7c693a313532353339343730383b),
('jppuuv017f0o52iql1aub39grprdn7q8', '127.0.0.1', 1525790738, 0x5f5f63695f6c6173745f726567656e65726174657c693a313532353739303638313b),
('jue9m3d4k8j2lelcs8gctb5fn63rtntv', '127.0.0.1', 1525495883, 0x5f5f63695f6c6173745f726567656e65726174657c693a313532353439353838333b6d6573736167657c733a3231343a223c64697620636c6173733d22616c65727420616c6572742d696e666f20616c6572742d6469736d69737369626c652220726f6c653d22616c657274223e3c627574746f6e20747970653d22627574746f6e2220636c6173733d22636c6f73652220646174612d6469736d6973733d22616c6572742220617269612d6c6162656c3d22436c6f7365223e3c7370616e20617269612d68696464656e3d2274727565223e2674696d65733b3c2f7370616e3e3c2f627574746f6e3e4c6f67676564204f7574205375636365737366756c6c793c2f6469763e223b5f5f63695f766172737c613a313a7b733a373a226d657373616765223b733a333a226f6c64223b7d),
('k241g2hoo9rf0m6smlgvstesbtii4e2m', '127.0.0.1', 1525313994, 0x5f5f63695f6c6173745f726567656e65726174657c693a313532353331333939343b6964656e746974797c733a32363a226869727a696e757266616b687269616e40676d61696c2e636f6d223b656d61696c7c733a32363a226869727a696e757266616b687269616e40676d61696c2e636f6d223b757365725f69647c733a313a2232223b6f6c645f6c6173745f6c6f67696e7c733a31303a2231353235313430323436223b6c6173745f636865636b7c693a313532353232363734363b),
('k6i56tsqim3e5t73008ss198h8cus4gn', '127.0.0.1', 1525330915, 0x5f5f63695f6c6173745f726567656e65726174657c693a313532353333303931353b6964656e746974797c733a32363a226869727a696e757266616b687269616e40676d61696c2e636f6d223b656d61696c7c733a32363a226869727a696e757266616b687269616e40676d61696c2e636f6d223b757365725f69647c733a313a2232223b6f6c645f6c6173745f6c6f67696e7c733a31303a2231353235313430323436223b6c6173745f636865636b7c693a313532353232363734363b),
('kahc8m8titb4m8bb2h069rjv0r0up6q5', '127.0.0.1', 1525663538, 0x5f5f63695f6c6173745f726567656e65726174657c693a313532353636333533383b6964656e746974797c733a31363a2261646d696e406573797374656d2e6165223b656d61696c7c733a31363a2261646d696e406573797374656d2e6165223b757365725f69647c733a313a2231223b6f6c645f6c6173745f6c6f67696e7c733a31303a2231353235363632333037223b6c6173745f636865636b7c693a313532353636323533383b),
('kdt219g0oojg9ojhose4ka3187obq4ma', '172.16.6.87', 1525746518, ''),
('kggl5mbm800bmtpslrqt7jgrcfg5foqp', '127.0.0.1', 1525495043, 0x5f5f63695f6c6173745f726567656e65726174657c693a313532353439353034323b6964656e746974797c733a31363a2261646d696e406573797374656d2e6165223b656d61696c7c733a31363a2261646d696e406573797374656d2e6165223b757365725f69647c733a313a2231223b6f6c645f6c6173745f6c6f67696e7c733a31303a2231353235343135353039223b6c6173745f636865636b7c693a313532353438323136333b6d6573736167657c733a3231343a223c64697620636c6173733d22616c65727420616c6572742d696e666f20616c6572742d6469736d69737369626c652220726f6c653d22616c657274223e3c627574746f6e20747970653d22627574746f6e2220636c6173733d22636c6f73652220646174612d6469736d6973733d22616c6572742220617269612d6c6162656c3d22436c6f7365223e3c7370616e20617269612d68696464656e3d2274727565223e2674696d65733b3c2f7370616e3e3c2f627574746f6e3e4c6f67676564204f7574205375636365737366756c6c793c2f6469763e223b5f5f63695f766172737c613a313a7b733a373a226d657373616765223b733a333a226f6c64223b7d),
('kj7gcfb2hmlsenm4699rdchqf4f95ksk', '127.0.0.1', 1525415846, 0x5f5f63695f6c6173745f726567656e65726174657c693a313532353431353834363b6964656e746974797c733a31363a2261646d696e406573797374656d2e6165223b656d61696c7c733a31363a2261646d696e406573797374656d2e6165223b757365725f69647c733a313a2231223b6f6c645f6c6173745f6c6f67696e7c733a31303a2231353235333936313134223b6c6173745f636865636b7c693a313532353431353530393b),
('kjo1p75o3d1kk9rslerebrr49sk796tc', '127.0.0.1', 1525824705, 0x5f5f63695f6c6173745f726567656e65726174657c693a313532353832343730353b6964656e746974797c733a31363a2261646d696e406573797374656d2e6165223b656d61696c7c733a31363a2261646d696e406573797374656d2e6165223b757365725f69647c733a313a2231223b6f6c645f6c6173745f6c6f67696e7c733a31303a2231353235373932383731223b6c6173745f636865636b7c693a313532353832323839323b),
('knb02jt7oeeocudcpreq6jlg3phimu45', '127.0.0.1', 1525498352, 0x5f5f63695f6c6173745f726567656e65726174657c693a313532353439383335323b6d6573736167657c733a3231373a223c64697620636c6173733d22616c65727420616c6572742d7761726e696e6720616c6572742d6469736d69737369626c652220726f6c653d22616c657274223e3c627574746f6e20747970653d22627574746f6e2220636c6173733d22636c6f73652220646174612d6469736d6973733d22616c6572742220617269612d6c6162656c3d22436c6f7365223e3c7370616e20617269612d68696464656e3d2274727565223e2674696d65733b3c2f7370616e3e3c2f627574746f6e3e596f75206861766520746f206c6f67696e2066697273743c2f6469763e223b5f5f63695f766172737c613a313a7b733a373a226d657373616765223b733a333a226e6577223b7d),
('kodc970uguogdpil75ctniu919l8qmsi', '127.0.0.1', 1525827004, 0x5f5f63695f6c6173745f726567656e65726174657c693a313532353832373030343b6964656e746974797c733a31363a2261646d696e406573797374656d2e6165223b656d61696c7c733a31363a2261646d696e406573797374656d2e6165223b757365725f69647c733a313a2231223b6f6c645f6c6173745f6c6f67696e7c733a31303a2231353235373836363930223b6c6173745f636865636b7c693a313532353739313837343b),
('kr17q06a9q9r38pf7tju6jb4mkmrkqvf', '127.0.0.1', 1525783554, 0x5f5f63695f6c6173745f726567656e65726174657c693a313532353738333535343b6964656e746974797c733a31373a2268696c6d616e6d40676d61696c2e636f6d223b656d61696c7c733a31373a2268696c6d616e6d40676d61696c2e636f6d223b757365725f69647c733a313a2234223b6f6c645f6c6173745f6c6f67696e7c4e3b6c6173745f636865636b7c693a313532353636323639323b),
('l1oi3gu6umtovk96892480hsqvd54jaf', '127.0.0.1', 1525783635, 0x5f5f63695f6c6173745f726567656e65726174657c693a313532353738333633353b6964656e746974797c733a31373a2268696c6d616e6d40676d61696c2e636f6d223b656d61696c7c733a31373a2268696c6d616e6d40676d61696c2e636f6d223b757365725f69647c733a313a2234223b6f6c645f6c6173745f6c6f67696e7c4e3b6c6173745f636865636b7c693a313532353636323639323b),
('l3p03h5b0milkdqetp66lfqb39pji8o3', '127.0.0.1', 1525395293, 0x5f5f63695f6c6173745f726567656e65726174657c693a313532353339353239333b6964656e746974797c733a31363a2261646d696e406573797374656d2e6165223b656d61696c7c733a31363a2261646d696e406573797374656d2e6165223b757365725f69647c733a313a2231223b6f6c645f6c6173745f6c6f67696e7c733a31303a2231353235313633363332223b6c6173745f636865636b7c693a313532353339343730383b),
('l4hfh1tdnurl8cpqd19117e4068ke101', '172.16.6.70', 1525762763, 0x5f5f63695f6c6173745f726567656e65726174657c693a313532353736323736333b),
('l4sk3eckg84dm02ckg8pers3gk9m8vk6', '127.0.0.1', 1525398283, 0x5f5f63695f6c6173745f726567656e65726174657c693a313532353339383238333b6964656e746974797c733a31363a2261646d696e406573797374656d2e6165223b656d61696c7c733a31363a2261646d696e406573797374656d2e6165223b757365725f69647c733a313a2231223b6f6c645f6c6173745f6c6f67696e7c733a31303a2231353235333934373038223b6c6173745f636865636b7c693a313532353339363131343b),
('l7gn7osak7mp4tde7ljfjdj49n6ljm0h', '172.16.6.70', 1525745048, 0x5f5f63695f6c6173745f726567656e65726174657c693a313532353734353034383b),
('lftf4a3lvdsltaklmbg6d85mkc8mlhkf', '127.0.0.1', 1525313404, 0x5f5f63695f6c6173745f726567656e65726174657c693a313532353331333430343b6964656e746974797c733a31363a2261646d696e406573797374656d2e6165223b656d61696c7c733a31363a2261646d696e406573797374656d2e6165223b757365725f69647c733a313a2231223b6f6c645f6c6173745f6c6f67696e7c733a31303a2231353235313539303732223b6c6173745f636865636b7c693a313532353136333633323b),
('lhr89h9fusq8kc6nthmmsvf1drve672a', '127.0.0.1', 1525495668, 0x5f5f63695f6c6173745f726567656e65726174657c693a313532353439353636373b6964656e746974797c733a32363a226869727a696e757266616b687269616e40676d61696c2e636f6d223b656d61696c7c733a32363a226869727a696e757266616b687269616e40676d61696c2e636f6d223b757365725f69647c733a313a2232223b6f6c645f6c6173745f6c6f67696e7c733a31303a2231353235313430323436223b6c6173745f636865636b7c693a313532353232363734363b),
('lsh2l7sgb9vjo1s1vaub6bfcsarq4kl5', '127.0.0.1', 1525749738, 0x5f5f63695f6c6173745f726567656e65726174657c693a313532353734393733383b6964656e746974797c733a31363a2261646d696e406573797374656d2e6165223b656d61696c7c733a31363a2261646d696e406573797374656d2e6165223b757365725f69647c733a313a2231223b6f6c645f6c6173745f6c6f67696e7c733a31303a2231353235373433373936223b6c6173745f636865636b7c693a313532353734393130333b),
('ltlr0969qakm3ob3ac6i9hq6v68s5l6u', '127.0.0.1', 1525749645, 0x5f5f63695f6c6173745f726567656e65726174657c693a313532353734393634353b6964656e746974797c733a31363a2261646d696e406573797374656d2e6165223b656d61696c7c733a31363a2261646d696e406573797374656d2e6165223b757365725f69647c733a313a2231223b6f6c645f6c6173745f6c6f67696e7c733a31303a2231353235373433373936223b6c6173745f636865636b7c693a313532353734393130333b),
('m058bbc0h2ck7tgpn83j5vi8pbp8g0cu', '172.16.6.70', 1525760219, 0x5f5f63695f6c6173745f726567656e65726174657c693a313532353736303231393b),
('m0cbprlkqa0maqi1lfmredr7fdr49e5g', '172.16.6.70', 1525743857, 0x5f5f63695f6c6173745f726567656e65726174657c693a313532353734333835373b6964656e746974797c733a31363a2261646d696e406573797374656d2e6165223b656d61696c7c733a31363a2261646d696e406573797374656d2e6165223b757365725f69647c733a313a2231223b6f6c645f6c6173745f6c6f67696e7c733a31303a2231353235363738303932223b6c6173745f636865636b7c693a313532353734333739363b),
('m0tecfnsj431q1egdalke8luda1b7225', '127.0.0.1', 1525788471, 0x5f5f63695f6c6173745f726567656e65726174657c693a313532353738383437313b),
('m1od8jfakj0djegakq5efi9f6ghesmoi', '127.0.0.1', 1525790497, 0x5f5f63695f6c6173745f726567656e65726174657c693a313532353739303439373b),
('m39b3auvrib7l459j8icoef58an6jhmp', '127.0.0.1', 1525825114, 0x5f5f63695f6c6173745f726567656e65726174657c693a313532353832353131343b6964656e746974797c733a31363a2261646d696e406573797374656d2e6165223b656d61696c7c733a31363a2261646d696e406573797374656d2e6165223b757365725f69647c733a313a2231223b6f6c645f6c6173745f6c6f67696e7c733a31303a2231353235373932383731223b6c6173745f636865636b7c693a313532353832323839323b),
('m5spe1om4kacuf1el8d39quid5clufas', '127.0.0.1', 1525782705, 0x5f5f63695f6c6173745f726567656e65726174657c693a313532353738323730353b),
('m9n3m1u7hil5f8tboimo7t3at822s4gf', '127.0.0.1', 1525786670, 0x5f5f63695f6c6173745f726567656e65726174657c693a313532353738363637303b),
('mf4kt6uu2qjrija7hjgloav8kqq132iq', '127.0.0.1', 1525783629, 0x5f5f63695f6c6173745f726567656e65726174657c693a313532353738333632393b),
('mpjp7p3q2btt9cr90e3ngnn1k8qj2ncu', '127.0.0.1', 1525334806, 0x5f5f63695f6c6173745f726567656e65726174657c693a313532353333343830353b6964656e746974797c733a32363a226869727a696e757266616b687269616e40676d61696c2e636f6d223b656d61696c7c733a32363a226869727a696e757266616b687269616e40676d61696c2e636f6d223b757365725f69647c733a313a2232223b6f6c645f6c6173745f6c6f67696e7c733a31303a2231353235333331363030223b6c6173745f636865636b7c693a313532353333313734373b),
('mq0q8hlcj8ql57ajf2gr288f4kfopg4l', '127.0.0.1', 1525395900, 0x5f5f63695f6c6173745f726567656e65726174657c693a313532353339353930303b6964656e746974797c733a31363a2261646d696e406573797374656d2e6165223b656d61696c7c733a31363a2261646d696e406573797374656d2e6165223b757365725f69647c733a313a2231223b6f6c645f6c6173745f6c6f67696e7c733a31303a2231353235313633363332223b6c6173745f636865636b7c693a313532353339343730383b),
('mtom1kbb5spfutq08jrann0o1icfhljt', '127.0.0.1', 1525792413, 0x5f5f63695f6c6173745f726567656e65726174657c693a313532353739323431333b6964656e746974797c733a31363a2261646d696e406573797374656d2e6165223b656d61696c7c733a31363a2261646d696e406573797374656d2e6165223b757365725f69647c733a313a2231223b6f6c645f6c6173745f6c6f67696e7c733a31303a2231353235373836363930223b6c6173745f636865636b7c693a313532353739313837343b),
('n1okteqm3a2icch26jrk5m0s81pggr1q', '127.0.0.1', 1525788988, 0x5f5f63695f6c6173745f726567656e65726174657c693a313532353738383938383b),
('nbdpspmfg1ghtmfcgh9ok39s2pmn7ti3', '127.0.0.1', 1525420215, 0x5f5f63695f6c6173745f726567656e65726174657c693a313532353432303231343b6964656e746974797c733a31363a2261646d696e406573797374656d2e6165223b656d61696c7c733a31363a2261646d696e406573797374656d2e6165223b757365725f69647c733a313a2231223b6f6c645f6c6173745f6c6f67696e7c733a31303a2231353235333936313134223b6c6173745f636865636b7c693a313532353431353530393b),
('ncgb3hjv5l29gr9eanh7sf6fb7lsrkhv', '127.0.0.1', 1525789272, 0x5f5f63695f6c6173745f726567656e65726174657c693a313532353738393237323b),
('ncnjt08oh39fenhhvp8nhk0lqedtki8p', '127.0.0.1', 1525749375, 0x5f5f63695f6c6173745f726567656e65726174657c693a313532353734393337353b6964656e746974797c733a31363a2261646d696e406573797374656d2e6165223b656d61696c7c733a31363a2261646d696e406573797374656d2e6165223b757365725f69647c733a313a2231223b6f6c645f6c6173745f6c6f67696e7c733a31303a2231353235373433373936223b6c6173745f636865636b7c693a313532353734393130333b),
('njgr06d6vevks4peg4ee7afccaqpn5i8', '127.0.0.1', 1525419778, 0x5f5f63695f6c6173745f726567656e65726174657c693a313532353431393737383b6964656e746974797c733a31363a2261646d696e406573797374656d2e6165223b656d61696c7c733a31363a2261646d696e406573797374656d2e6165223b757365725f69647c733a313a2231223b6f6c645f6c6173745f6c6f67696e7c733a31303a2231353235333936313134223b6c6173745f636865636b7c693a313532353431353530393b),
('no3rst33o1gdipcddd4mioav7svu53av', '127.0.0.1', 1525313342, 0x5f5f63695f6c6173745f726567656e65726174657c693a313532353331333334323b6964656e746974797c733a31363a2261646d696e406573797374656d2e6165223b656d61696c7c733a31363a2261646d696e406573797374656d2e6165223b757365725f69647c733a313a2231223b6f6c645f6c6173745f6c6f67696e7c733a31303a2231353235313539303732223b6c6173745f636865636b7c693a313532353136333633323b),
('nrkr754p5abbmv4af6ck1e1k83qn7sjh', '127.0.0.1', 1525415703, 0x5f5f63695f6c6173745f726567656e65726174657c693a313532353431353730333b6964656e746974797c733a31363a2261646d696e406573797374656d2e6165223b656d61696c7c733a31363a2261646d696e406573797374656d2e6165223b757365725f69647c733a313a2231223b6f6c645f6c6173745f6c6f67696e7c733a31303a2231353235333936313134223b6c6173745f636865636b7c693a313532353431353530393b),
('nsolah7lpk3urpioli166trebifj4md8', '127.0.0.1', 1525416040, 0x5f5f63695f6c6173745f726567656e65726174657c693a313532353431363033393b6964656e746974797c733a31363a2261646d696e406573797374656d2e6165223b656d61696c7c733a31363a2261646d696e406573797374656d2e6165223b757365725f69647c733a313a2231223b6f6c645f6c6173745f6c6f67696e7c733a31303a2231353235333936313134223b6c6173745f636865636b7c693a313532353431353530393b),
('o5th3cra9nqjdt3bl1hcloimv6j6guj5', '127.0.0.1', 1525498794, 0x5f5f63695f6c6173745f726567656e65726174657c693a313532353439383739343b6964656e746974797c733a32363a226869727a696e757266616b687269616e40676d61696c2e636f6d223b656d61696c7c733a32363a226869727a696e757266616b687269616e40676d61696c2e636f6d223b757365725f69647c733a313a2232223b6f6c645f6c6173745f6c6f67696e7c733a31303a2231353235333331373437223b6c6173745f636865636b7c693a313532353439353436303b),
('okhr0g36piucai521fanqfna9fu83oct', '127.0.0.1', 1525663087, 0x5f5f63695f6c6173745f726567656e65726174657c693a313532353636333038373b6964656e746974797c733a31363a2261646d696e406573797374656d2e6165223b656d61696c7c733a31363a2261646d696e406573797374656d2e6165223b757365725f69647c733a313a2231223b6f6c645f6c6173745f6c6f67696e7c733a31303a2231353235363632333037223b6c6173745f636865636b7c693a313532353636323533383b),
('olfo5gifk7ekaetnhvgn9ifkkn3j2tm4', '127.0.0.1', 1525785818, 0x5f5f63695f6c6173745f726567656e65726174657c693a313532353738353831383b),
('olhljdq2prdgppjf05m1b4glhlp2nmvt', '127.0.0.1', 1525662819, 0x5f5f63695f6c6173745f726567656e65726174657c693a313532353636323831383b6964656e746974797c733a31373a2268696c6d616e6d40676d61696c2e636f6d223b656d61696c7c733a31373a2268696c6d616e6d40676d61696c2e636f6d223b757365725f69647c733a313a2234223b6f6c645f6c6173745f6c6f67696e7c4e3b6c6173745f636865636b7c693a313532353636323639323b),
('oqjhg0f29geafao1of6440e5rrhsa9l8', '127.0.0.1', 1525415477, 0x5f5f63695f6c6173745f726567656e65726174657c693a313532353431353437373b6964656e746974797c733a31363a2261646d696e406573797374656d2e6165223b656d61696c7c733a31363a2261646d696e406573797374656d2e6165223b757365725f69647c733a313a2231223b6f6c645f6c6173745f6c6f67696e7c733a31303a2231353235333934373038223b6c6173745f636865636b7c693a313532353339363131343b),
('ospm8flmhpjtusoioqrji05gmgejp6i5', '127.0.0.1', 1525313760, 0x5f5f63695f6c6173745f726567656e65726174657c693a313532353331333736303b6964656e746974797c733a31363a2261646d696e406573797374656d2e6165223b656d61696c7c733a31363a2261646d696e406573797374656d2e6165223b757365725f69647c733a313a2231223b6f6c645f6c6173745f6c6f67696e7c733a31303a2231353235313539303732223b6c6173745f636865636b7c693a313532353136333633323b),
('p0icnh7d9tk2l1bi7bbedskjtqhgvlj2', '172.16.6.70', 1525744939, 0x5f5f63695f6c6173745f726567656e65726174657c693a313532353734343933393b),
('p5pcpmmh7dd86ks9qi83kq09e1ctmd2a', '127.0.0.1', 1525335119, 0x5f5f63695f6c6173745f726567656e65726174657c693a313532353333353131383b6964656e746974797c733a32313a2276696e6b616c76696f6c6140676d61696c2e636f6d223b656d61696c7c733a32313a2276696e6b616c76696f6c6140676d61696c2e636f6d223b757365725f69647c733a313a2233223b6f6c645f6c6173745f6c6f67696e7c733a31303a2231353235333331363839223b6c6173745f636865636b7c693a313532353333353030313b),
('p90vna1li89ikfjhhfguh7akdijgtvq3', '127.0.0.1', 1525395981, 0x5f5f63695f6c6173745f726567656e65726174657c693a313532353339353938313b6964656e746974797c733a31363a2261646d696e406573797374656d2e6165223b656d61696c7c733a31363a2261646d696e406573797374656d2e6165223b757365725f69647c733a313a2231223b6f6c645f6c6173745f6c6f67696e7c733a31303a2231353235313633363332223b6c6173745f636865636b7c693a313532353339343730383b),
('pg23dle99l2s9oihlugb63ahp4uhr59o', '127.0.0.1', 1525501459, 0x5f5f63695f6c6173745f726567656e65726174657c693a313532353530313435393b6964656e746974797c733a32363a226869727a696e757266616b687269616e40676d61696c2e636f6d223b656d61696c7c733a32363a226869727a696e757266616b687269616e40676d61696c2e636f6d223b757365725f69647c733a313a2232223b6f6c645f6c6173745f6c6f67696e7c733a31303a2231353235333331373437223b6c6173745f636865636b7c693a313532353439353436303b),
('pjemq2e74jubtc4i1km9vm44eqmvds9o', '127.0.0.1', 1525791647, 0x5f5f63695f6c6173745f726567656e65726174657c693a313532353739313634373b),
('pl4n65uqgtev7r1m85ck01dm6pipo2b4', '127.0.0.1', 1525783550, 0x5f5f63695f6c6173745f726567656e65726174657c693a313532353738333535303b),
('plmds96k07bs4agh3oaivmn17gvqck38', '127.0.0.1', 1525415499, 0x6d6573736167657c733a3231373a223c64697620636c6173733d22616c65727420616c6572742d7761726e696e6720616c6572742d6469736d69737369626c652220726f6c653d22616c657274223e3c627574746f6e20747970653d22627574746f6e2220636c6173733d22636c6f73652220646174612d6469736d6973733d22616c6572742220617269612d6c6162656c3d22436c6f7365223e3c7370616e20617269612d68696464656e3d2274727565223e2674696d65733b3c2f7370616e3e3c2f627574746f6e3e596f75206861766520746f206c6f67696e2066697273743c2f6469763e223b5f5f63695f766172737c613a313a7b733a373a226d657373616765223b733a333a226e6577223b7d),
('q0a0dgdo91kmr8ou3jo8oqi696r27dd2', '127.0.0.1', 1525420617, 0x5f5f63695f6c6173745f726567656e65726174657c693a313532353432303631373b6964656e746974797c733a31363a2261646d696e406573797374656d2e6165223b656d61696c7c733a31363a2261646d696e406573797374656d2e6165223b757365725f69647c733a313a2231223b6f6c645f6c6173745f6c6f67696e7c733a31303a2231353235333936313134223b6c6173745f636865636b7c693a313532353431353530393b),
('q1c60iv30ik2u6v6ld2sne6849ejhtug', '127.0.0.1', 1525494961, 0x5f5f63695f6c6173745f726567656e65726174657c693a313532353439343936313b6964656e746974797c733a31363a2261646d696e406573797374656d2e6165223b656d61696c7c733a31363a2261646d696e406573797374656d2e6165223b757365725f69647c733a313a2231223b6f6c645f6c6173745f6c6f67696e7c733a31303a2231353235343135353039223b6c6173745f636865636b7c693a313532353438323136333b),
('q7cr7822kcur5tsq15rpo5sd8tue7j8v', '127.0.0.1', 1525499402, 0x5f5f63695f6c6173745f726567656e65726174657c693a313532353439393430323b6964656e746974797c733a32363a226869727a696e757266616b687269616e40676d61696c2e636f6d223b656d61696c7c733a32363a226869727a696e757266616b687269616e40676d61696c2e636f6d223b757365725f69647c733a313a2232223b6f6c645f6c6173745f6c6f67696e7c733a31303a2231353235333331373437223b6c6173745f636865636b7c693a313532353439353436303b),
('q9554i5hrt0qmcbkmsqft8d02q091qjg', '127.0.0.1', 1525498352, 0x5f5f63695f6c6173745f726567656e65726174657c693a313532353439383335323b6d6573736167657c733a3231373a223c64697620636c6173733d22616c65727420616c6572742d7761726e696e6720616c6572742d6469736d69737369626c652220726f6c653d22616c657274223e3c627574746f6e20747970653d22627574746f6e2220636c6173733d22636c6f73652220646174612d6469736d6973733d22616c6572742220617269612d6c6162656c3d22436c6f7365223e3c7370616e20617269612d68696464656e3d2274727565223e2674696d65733b3c2f7370616e3e3c2f627574746f6e3e596f75206861766520746f206c6f67696e2066697273743c2f6469763e223b5f5f63695f766172737c613a313a7b733a373a226d657373616765223b733a333a226e6577223b7d),
('q95gha9ub21im269jm9aaqs9gq7aia6b', '127.0.0.1', 1525834855, 0x5f5f63695f6c6173745f726567656e65726174657c693a313532353833343835353b6964656e746974797c733a31363a2261646d696e406573797374656d2e6165223b656d61696c7c733a31363a2261646d696e406573797374656d2e6165223b757365725f69647c733a313a2231223b6f6c645f6c6173745f6c6f67696e7c733a31303a2231353235373836363930223b6c6173745f636865636b7c693a313532353739313837343b),
('qb56emhqpdt789cj0jp3qkps5grkjgab', '127.0.0.1', 1525498912, 0x5f5f63695f6c6173745f726567656e65726174657c693a313532353439383931303b6964656e746974797c733a32363a226869727a696e757266616b687269616e40676d61696c2e636f6d223b656d61696c7c733a32363a226869727a696e757266616b687269616e40676d61696c2e636f6d223b757365725f69647c733a313a2232223b6f6c645f6c6173745f6c6f67696e7c733a31303a2231353235333331373437223b6c6173745f636865636b7c693a313532353439353436303b),
('qbqn1s74jqveo29topnlsee0rd2h1rbe', '127.0.0.1', 1525500683, 0x5f5f63695f6c6173745f726567656e65726174657c693a313532353530303638333b6964656e746974797c733a32363a226869727a696e757266616b687269616e40676d61696c2e636f6d223b656d61696c7c733a32363a226869727a696e757266616b687269616e40676d61696c2e636f6d223b757365725f69647c733a313a2232223b6f6c645f6c6173745f6c6f67696e7c733a31303a2231353235333331373437223b6c6173745f636865636b7c693a313532353439353436303b),
('qci6c1rhlq8pfir00nu4mmfsfukfspn0', '172.16.6.70', 1525762763, 0x5f5f63695f6c6173745f726567656e65726174657c693a313532353736323736333b),
('qdurfvnhk5t9kclurmtefp0tmpniaevt', '172.16.6.70', 1525745988, 0x5f5f63695f6c6173745f726567656e65726174657c693a313532353734353937363b),
('qees8ddo4astilttljsj8tb7mj0ko7v0', '127.0.0.1', 1525782997, 0x5f5f63695f6c6173745f726567656e65726174657c693a313532353738323939373b6964656e746974797c733a31373a2268696c6d616e6d40676d61696c2e636f6d223b656d61696c7c733a31373a2268696c6d616e6d40676d61696c2e636f6d223b757365725f69647c733a313a2234223b6f6c645f6c6173745f6c6f67696e7c4e3b6c6173745f636865636b7c693a313532353636323639323b),
('qf9j0ddn6sp1u2b7g6bciup1qgbec573', '127.0.0.1', 1525788369, 0x5f5f63695f6c6173745f726567656e65726174657c693a313532353738383336393b),
('qiahti6aca38a55icukqr3aredniph18', '127.0.0.1', 1525396458, 0x5f5f63695f6c6173745f726567656e65726174657c693a313532353339363435383b6964656e746974797c733a31363a2261646d696e406573797374656d2e6165223b656d61696c7c733a31363a2261646d696e406573797374656d2e6165223b757365725f69647c733a313a2231223b6f6c645f6c6173745f6c6f67696e7c733a31303a2231353235333934373038223b6c6173745f636865636b7c693a313532353339363131343b),
('qjvae035anbrp1so9hu4na344jesfnn6', '172.16.6.70', 1525760221, 0x5f5f63695f6c6173745f726567656e65726174657c693a313532353736303232313b),
('qvatls409589s8neanqo0rq2n0sqgopo', '127.0.0.1', 1525824893, 0x5f5f63695f6c6173745f726567656e65726174657c693a313532353832343839333b6964656e746974797c733a31363a2261646d696e406573797374656d2e6165223b656d61696c7c733a31363a2261646d696e406573797374656d2e6165223b757365725f69647c733a313a2231223b6f6c645f6c6173745f6c6f67696e7c733a31303a2231353235373836363930223b6c6173745f636865636b7c693a313532353739313837343b),
('qvb5pt0mnd83v9llk7b2d6cp611na0hq', '127.0.0.1', 1525750670, 0x5f5f63695f6c6173745f726567656e65726174657c693a313532353735303637303b6964656e746974797c733a31363a2261646d696e406573797374656d2e6165223b656d61696c7c733a31363a2261646d696e406573797374656d2e6165223b757365725f69647c733a313a2231223b6f6c645f6c6173745f6c6f67696e7c733a31303a2231353235373433373936223b6c6173745f636865636b7c693a313532353734393130333b),
('qvbbc6piafo9kl09mjqj4s370rvh2h2l', '127.0.0.1', 1525499647, 0x5f5f63695f6c6173745f726567656e65726174657c693a313532353439393634373b6964656e746974797c733a32363a226869727a696e757266616b687269616e40676d61696c2e636f6d223b656d61696c7c733a32363a226869727a696e757266616b687269616e40676d61696c2e636f6d223b757365725f69647c733a313a2232223b6f6c645f6c6173745f6c6f67696e7c733a31303a2231353235333331373437223b6c6173745f636865636b7c693a313532353439353436303b),
('r4n47uj9lkote77oob4fvmlmhepjvqvh', '127.0.0.1', 1525791037, 0x5f5f63695f6c6173745f726567656e65726174657c693a313532353739313033373b6964656e746974797c733a31373a2268696c6d616e6d40676d61696c2e636f6d223b656d61696c7c733a31373a2268696c6d616e6d40676d61696c2e636f6d223b757365725f69647c733a313a2234223b6f6c645f6c6173745f6c6f67696e7c4e3b6c6173745f636865636b7c693a313532353636323639323b),
('ro5v04b61tbuv4hbqbvehe9pr3qorqju', '127.0.0.1', 1525749583, 0x5f5f63695f6c6173745f726567656e65726174657c693a313532353734393538333b6964656e746974797c733a31363a2261646d696e406573797374656d2e6165223b656d61696c7c733a31363a2261646d696e406573797374656d2e6165223b757365725f69647c733a313a2231223b6f6c645f6c6173745f6c6f67696e7c733a31303a2231353235373433373936223b6c6173745f636865636b7c693a313532353734393130333b);
INSERT INTO `ci_sessions` (`id`, `ip_address`, `timestamp`, `data`) VALUES
('s14g9n7ulpsqduhebrfvtvjq22tklqj7', '127.0.0.1', 1525334750, 0x5f5f63695f6c6173745f726567656e65726174657c693a313532353333343735303b6964656e746974797c733a32363a226869727a696e757266616b687269616e40676d61696c2e636f6d223b656d61696c7c733a32363a226869727a696e757266616b687269616e40676d61696c2e636f6d223b757365725f69647c733a313a2232223b6f6c645f6c6173745f6c6f67696e7c733a31303a2231353235313430323436223b6c6173745f636865636b7c693a313532353232363734363b),
('s4qh14gkm66b8afjd710upfm4cm8lvdo', '127.0.0.1', 1525791410, 0x5f5f63695f6c6173745f726567656e65726174657c693a313532353739313338373b),
('s9otchgb0h0s914p7c7lldbqpl4b866f', '127.0.0.1', 1525482252, 0x5f5f63695f6c6173745f726567656e65726174657c693a313532353438323235323b6964656e746974797c733a31363a2261646d696e406573797374656d2e6165223b656d61696c7c733a31363a2261646d696e406573797374656d2e6165223b757365725f69647c733a313a2231223b6f6c645f6c6173745f6c6f67696e7c733a31303a2231353235343135353039223b6c6173745f636865636b7c693a313532353438323136333b),
('sf3jihegilocvqj0sdoct8kdk8lbtum5', '127.0.0.1', 1525500129, 0x5f5f63695f6c6173745f726567656e65726174657c693a313532353530303132393b6964656e746974797c733a32363a226869727a696e757266616b687269616e40676d61696c2e636f6d223b656d61696c7c733a32363a226869727a696e757266616b687269616e40676d61696c2e636f6d223b757365725f69647c733a313a2232223b6f6c645f6c6173745f6c6f67696e7c733a31303a2231353235333331373437223b6c6173745f636865636b7c693a313532353439353436303b),
('sh3opglbsko78go7r5pjj1quv0o6kke8', '127.0.0.1', 1525331213, 0x5f5f63695f6c6173745f726567656e65726174657c693a313532353333313231323b6d6573736167657c733a3231373a223c64697620636c6173733d22616c65727420616c6572742d7761726e696e6720616c6572742d6469736d69737369626c652220726f6c653d22616c657274223e3c627574746f6e20747970653d22627574746f6e2220636c6173733d22636c6f73652220646174612d6469736d6973733d22616c6572742220617269612d6c6162656c3d22436c6f7365223e3c7370616e20617269612d68696464656e3d2274727565223e2674696d65733b3c2f7370616e3e3c2f627574746f6e3e596f75206861766520746f206c6f67696e2066697273743c2f6469763e223b5f5f63695f766172737c613a313a7b733a373a226d657373616765223b733a333a226e6577223b7d),
('ske2gtritc28furo150jrhgebli8ca4b', '127.0.0.1', 1525824787, 0x5f5f63695f6c6173745f726567656e65726174657c693a313532353832343738373b6964656e746974797c733a31363a2261646d696e406573797374656d2e6165223b656d61696c7c733a31363a2261646d696e406573797374656d2e6165223b757365725f69647c733a313a2231223b6f6c645f6c6173745f6c6f67696e7c733a31303a2231353235373932383731223b6c6173745f636865636b7c693a313532353832323839323b),
('sq1nvb2m7obqcui13pq7hjl615cahs9j', '127.0.0.1', 1525790219, 0x5f5f63695f6c6173745f726567656e65726174657c693a313532353739303231393b),
('t3a54urtj0snvb40t53phn2uk7vcplv3', '127.0.0.1', 1525498352, 0x5f5f63695f6c6173745f726567656e65726174657c693a313532353439383335323b6d6573736167657c733a3231373a223c64697620636c6173733d22616c65727420616c6572742d7761726e696e6720616c6572742d6469736d69737369626c652220726f6c653d22616c657274223e3c627574746f6e20747970653d22627574746f6e2220636c6173733d22636c6f73652220646174612d6469736d6973733d22616c6572742220617269612d6c6162656c3d22436c6f7365223e3c7370616e20617269612d68696464656e3d2274727565223e2674696d65733b3c2f7370616e3e3c2f627574746f6e3e596f75206861766520746f206c6f67696e2066697273743c2f6469763e223b5f5f63695f766172737c613a313a7b733a373a226d657373616765223b733a333a226e6577223b7d),
('t3ff6uok7b144543rd9879hq12t5q2vg', '127.0.0.1', 1525662220, 0x5f5f63695f6c6173745f726567656e65726174657c693a313532353636323232303b),
('t45r50vf3cq835hl3ofier3pvpgbog3h', '127.0.0.1', 1525830605, 0x5f5f63695f6c6173745f726567656e65726174657c693a313532353833303630353b6964656e746974797c733a31363a2261646d696e406573797374656d2e6165223b656d61696c7c733a31363a2261646d696e406573797374656d2e6165223b757365725f69647c733a313a2231223b6f6c645f6c6173745f6c6f67696e7c733a31303a2231353235373836363930223b6c6173745f636865636b7c693a313532353739313837343b),
('t4vnrir17ft5066nk2dapdmfj0stcvtu', '127.0.0.1', 1525754143, 0x5f5f63695f6c6173745f726567656e65726174657c693a313532353735323239303b6964656e746974797c733a31363a2261646d696e406573797374656d2e6165223b656d61696c7c733a31363a2261646d696e406573797374656d2e6165223b757365725f69647c733a313a2231223b6f6c645f6c6173745f6c6f67696e7c733a31303a2231353235373433373936223b6c6173745f636865636b7c693a313532353734393130333b),
('t9eq751tb96r32mr9kovig3sfmr4o3gl', '127.0.0.1', 1525788914, 0x5f5f63695f6c6173745f726567656e65726174657c693a313532353738383931343b),
('t9ro3hor0r19u6vhelv9aa7b2a3pbk7d', '172.16.6.70', 1525760218, 0x5f5f63695f6c6173745f726567656e65726174657c693a313532353736303231383b),
('tddnssbj9q6k79tv8as590iqg1ol5bf5', '127.0.0.1', 1525782776, 0x5f5f63695f6c6173745f726567656e65726174657c693a313532353738323737363b),
('ttudelnpfj1tfm4f89a33nsiae7fjfl7', '127.0.0.1', 1525593053, 0x5f5f63695f6c6173745f726567656e65726174657c693a313532353530303639353b6964656e746974797c733a32313a2276696e6b616c76696f6c6140676d61696c2e636f6d223b656d61696c7c733a32313a2276696e6b616c76696f6c6140676d61696c2e636f6d223b757365725f69647c733a313a2233223b6f6c645f6c6173745f6c6f67696e7c733a31303a2231353235333335303031223b6c6173745f636865636b7c693a313532353439353930353b),
('tuju8lu5afc9bss5ev3jsesujikt38vl', '127.0.0.1', 1525749092, 0x5f5f63695f6c6173745f726567656e65726174657c693a313532353734393039313b),
('tvcf89jcsjrb4feskfbp2s50b6123qe8', '127.0.0.1', 1525662493, 0x5f5f63695f6c6173745f726567656e65726174657c693a313532353636323439333b),
('u561od9orfn0f9mvvmetsn62h873prlu', '127.0.0.1', 1525328002, 0x5f5f63695f6c6173745f726567656e65726174657c693a313532353332383030323b6964656e746974797c733a32363a226869727a696e757266616b687269616e40676d61696c2e636f6d223b656d61696c7c733a32363a226869727a696e757266616b687269616e40676d61696c2e636f6d223b757365725f69647c733a313a2232223b6f6c645f6c6173745f6c6f67696e7c733a31303a2231353235313430323436223b6c6173745f636865636b7c693a313532353232363734363b),
('u73707ss0j6m2iuu93907g10cu0pq8cm', '127.0.0.1', 1525398747, 0x5f5f63695f6c6173745f726567656e65726174657c693a313532353339383734373b6964656e746974797c733a31363a2261646d696e406573797374656d2e6165223b656d61696c7c733a31363a2261646d696e406573797374656d2e6165223b757365725f69647c733a313a2231223b6f6c645f6c6173745f6c6f67696e7c733a31303a2231353235333934373038223b6c6173745f636865636b7c693a313532353339363131343b),
('uarlk4c8v5mse9q4g2qlah4vcb9iv001', '127.0.0.1', 1525500554, 0x5f5f63695f6c6173745f726567656e65726174657c693a313532353530303535343b6964656e746974797c733a32313a2276696e6b616c76696f6c6140676d61696c2e636f6d223b656d61696c7c733a32313a2276696e6b616c76696f6c6140676d61696c2e636f6d223b757365725f69647c733a313a2233223b6f6c645f6c6173745f6c6f67696e7c733a31303a2231353235333335303031223b6c6173745f636865636b7c693a313532353439353930353b),
('ub157052rg6olelk9gnc5nrl33gh5lon', '127.0.0.1', 1525331213, 0x5f5f63695f6c6173745f726567656e65726174657c693a313532353333313231323b6d6573736167657c733a3231373a223c64697620636c6173733d22616c65727420616c6572742d7761726e696e6720616c6572742d6469736d69737369626c652220726f6c653d22616c657274223e3c627574746f6e20747970653d22627574746f6e2220636c6173733d22636c6f73652220646174612d6469736d6973733d22616c6572742220617269612d6c6162656c3d22436c6f7365223e3c7370616e20617269612d68696464656e3d2274727565223e2674696d65733b3c2f7370616e3e3c2f627574746f6e3e596f75206861766520746f206c6f67696e2066697273743c2f6469763e223b5f5f63695f766172737c613a313a7b733a373a226d657373616765223b733a333a226e6577223b7d),
('ufvk3pmnm7v7mlmejlmappegnqiftcnv', '127.0.0.1', 1525824960, 0x5f5f63695f6c6173745f726567656e65726174657c693a313532353832343936303b6964656e746974797c733a31363a2261646d696e406573797374656d2e6165223b656d61696c7c733a31363a2261646d696e406573797374656d2e6165223b757365725f69647c733a313a2231223b6f6c645f6c6173745f6c6f67696e7c733a31303a2231353235373836363930223b6c6173745f636865636b7c693a313532353739313837343b),
('uhsrll9dl01mq1j1r1s9rml5ll1qak5s', '127.0.0.1', 1525396103, 0x6d6573736167657c733a3231373a223c64697620636c6173733d22616c65727420616c6572742d7761726e696e6720616c6572742d6469736d69737369626c652220726f6c653d22616c657274223e3c627574746f6e20747970653d22627574746f6e2220636c6173733d22636c6f73652220646174612d6469736d6973733d22616c6572742220617269612d6c6162656c3d22436c6f7365223e3c7370616e20617269612d68696464656e3d2274727565223e2674696d65733b3c2f7370616e3e3c2f627574746f6e3e596f75206861766520746f206c6f67696e2066697273743c2f6469763e223b5f5f63695f766172737c613a313a7b733a373a226d657373616765223b733a333a226e6577223b7d),
('ulch8o0d5lbirqc3p6eun0mn4q8nmvo5', '127.0.0.1', 1525398366, 0x5f5f63695f6c6173745f726567656e65726174657c693a313532353339383336363b6964656e746974797c733a31363a2261646d696e406573797374656d2e6165223b656d61696c7c733a31363a2261646d696e406573797374656d2e6165223b757365725f69647c733a313a2231223b6f6c645f6c6173745f6c6f67696e7c733a31303a2231353235333934373038223b6c6173745f636865636b7c693a313532353339363131343b),
('upolj6ikd3kvppnb90ki7bmg11dugn66', '127.0.0.1', 1525782642, 0x5f5f63695f6c6173745f726567656e65726174657c693a313532353738323634323b),
('ust173v17tbq69ohnltt2cd6ujcrrbr6', '127.0.0.1', 1525498252, 0x5f5f63695f6c6173745f726567656e65726174657c693a313532353439383235323b6964656e746974797c733a32363a226869727a696e757266616b687269616e40676d61696c2e636f6d223b656d61696c7c733a32363a226869727a696e757266616b687269616e40676d61696c2e636f6d223b757365725f69647c733a313a2232223b6f6c645f6c6173745f6c6f67696e7c733a31303a2231353235333331373437223b6c6173745f636865636b7c693a313532353439353436303b),
('v0jumunlh1oiqh3vtqiaerlu490vicnj', '127.0.0.1', 1525678134, 0x5f5f63695f6c6173745f726567656e65726174657c693a313532353637383133343b6964656e746974797c733a31363a2261646d696e406573797374656d2e6165223b656d61696c7c733a31363a2261646d696e406573797374656d2e6165223b757365725f69647c733a313a2231223b6f6c645f6c6173745f6c6f67696e7c733a31303a2231353235363632353338223b6c6173745f636865636b7c693a313532353637383039323b),
('v1ifbtp71m6v7r7157m191356und5ulb', '127.0.0.1', 1525494880, 0x5f5f63695f6c6173745f726567656e65726174657c693a313532353439343838303b6964656e746974797c733a31363a2261646d696e406573797374656d2e6165223b656d61696c7c733a31363a2261646d696e406573797374656d2e6165223b757365725f69647c733a313a2231223b6f6c645f6c6173745f6c6f67696e7c733a31303a2231353235343135353039223b6c6173745f636865636b7c693a313532353438323136333b),
('v1jln0fqgllvamv2u42o3deqpnj7i9sf', '127.0.0.1', 1525495572, 0x5f5f63695f6c6173745f726567656e65726174657c693a313532353439353537323b6964656e746974797c733a32363a226869727a696e757266616b687269616e40676d61696c2e636f6d223b656d61696c7c733a32363a226869727a696e757266616b687269616e40676d61696c2e636f6d223b757365725f69647c733a313a2232223b6f6c645f6c6173745f6c6f67696e7c733a31303a2231353235313430323436223b6c6173745f636865636b7c693a313532353232363734363b),
('v574i2p6109vsfov21hpbou9me3krcb9', '127.0.0.1', 1525746941, 0x5f5f63695f6c6173745f726567656e65726174657c693a313532353734363934313b),
('v6hrh06g44062e77hd6ushqsuecb8p86', '127.0.0.1', 1525754147, 0x6d6573736167657c733a3231373a223c64697620636c6173733d22616c65727420616c6572742d7761726e696e6720616c6572742d6469736d69737369626c652220726f6c653d22616c657274223e3c627574746f6e20747970653d22627574746f6e2220636c6173733d22636c6f73652220646174612d6469736d6973733d22616c6572742220617269612d6c6162656c3d22436c6f7365223e3c7370616e20617269612d68696464656e3d2274727565223e2674696d65733b3c2f7370616e3e3c2f627574746f6e3e596f75206861766520746f206c6f67696e2066697273743c2f6469763e223b5f5f63695f766172737c613a313a7b733a373a226d657373616765223b733a333a226e6577223b7d),
('va21hg8ksbj2lq9vdtbhioa8k33q72bd', '127.0.0.1', 1525786112, 0x5f5f63695f6c6173745f726567656e65726174657c693a313532353738363131323b),
('vb22c7isrjp1rb3e4ls9l8v30cguec46', '127.0.0.1', 1525330016, 0x5f5f63695f6c6173745f726567656e65726174657c693a313532353333303031343b6964656e746974797c733a31363a2261646d696e406573797374656d2e6165223b656d61696c7c733a31363a2261646d696e406573797374656d2e6165223b757365725f69647c733a313a2231223b6f6c645f6c6173745f6c6f67696e7c733a31303a2231353235313539303732223b6c6173745f636865636b7c693a313532353136333633323b),
('vljveqcn8jls9vpf7bq6mi108cpikutj', '127.0.0.1', 1525785742, 0x5f5f63695f6c6173745f726567656e65726174657c693a313532353738353734323b),
('vm3frcotpbfvo6ddrpjfirhk958j0pgb', '127.0.0.1', 1525828481, 0x5f5f63695f6c6173745f726567656e65726174657c693a313532353832383438313b6964656e746974797c733a31363a2261646d696e406573797374656d2e6165223b656d61696c7c733a31363a2261646d696e406573797374656d2e6165223b757365725f69647c733a313a2231223b6f6c645f6c6173745f6c6f67696e7c733a31303a2231353235373836363930223b6c6173745f636865636b7c693a313532353739313837343b),
('vnhd1e4jm99tvtd028nj1ba3mrbogs70', '192.168.100.13', 1525792855, 0x5f5f63695f6c6173745f726567656e65726174657c693a313532353739323835353b),
('vppsftmk21l1btrj2h0b75oh7dnil5v0', '127.0.0.1', 1525786794, 0x5f5f63695f6c6173745f726567656e65726174657c693a313532353738363739343b6964656e746974797c733a31363a2261646d696e406573797374656d2e6165223b656d61696c7c733a31363a2261646d696e406573797374656d2e6165223b757365725f69647c733a313a2231223b6f6c645f6c6173745f6c6f67696e7c733a31303a2231353235373439313033223b6c6173745f636865636b7c693a313532353738363639303b),
('vqr603vqif2k8p4gjjjlctbggbfbbr7j', '127.0.0.1', 1525738058, 0x5f5f63695f6c6173745f726567656e65726174657c693a313532353733383035383b6964656e746974797c733a31363a2261646d696e406573797374656d2e6165223b656d61696c7c733a31363a2261646d696e406573797374656d2e6165223b757365725f69647c733a313a2231223b6f6c645f6c6173745f6c6f67696e7c733a31303a2231353235363632353338223b6c6173745f636865636b7c693a313532353637383039323b),
('vsn6alagab9ifo50i00ivsr2he213286', '127.0.0.1', 1525678585, 0x5f5f63695f6c6173745f726567656e65726174657c693a313532353637383538353b6964656e746974797c733a31363a2261646d696e406573797374656d2e6165223b656d61696c7c733a31363a2261646d696e406573797374656d2e6165223b757365725f69647c733a313a2231223b6f6c645f6c6173745f6c6f67696e7c733a31303a2231353235363632353338223b6c6173745f636865636b7c693a313532353637383039323b),
('vu2be4lde0dnt30g8as9h5g7uom9b8pm', '127.0.0.1', 1525500199, 0x5f5f63695f6c6173745f726567656e65726174657c693a313532353530303139393b6964656e746974797c733a32363a226869727a696e757266616b687269616e40676d61696c2e636f6d223b656d61696c7c733a32363a226869727a696e757266616b687269616e40676d61696c2e636f6d223b757365725f69647c733a313a2232223b6f6c645f6c6173745f6c6f67696e7c733a31303a2231353235333331373437223b6c6173745f636865636b7c693a313532353439353436303b),
('vu5rj5ijmhk5clcn3m1eh0pdld5lv02l', '127.0.0.1', 1525495490, 0x5f5f63695f6c6173745f726567656e65726174657c693a313532353439353439303b6964656e746974797c733a32363a226869727a696e757266616b687269616e40676d61696c2e636f6d223b656d61696c7c733a32363a226869727a696e757266616b687269616e40676d61696c2e636f6d223b757365725f69647c733a313a2232223b6f6c645f6c6173745f6c6f67696e7c733a31303a2231353235313430323436223b6c6173745f636865636b7c693a313532353232363734363b);

-- --------------------------------------------------------

--
-- Struktur dari tabel `classes`
--

CREATE TABLE `classes` (
  `id` int(11) UNSIGNED NOT NULL,
  `name` varchar(7) NOT NULL,
  `description` text
) ENGINE=InnoDB DEFAULT CHARSET=latin1;

--
-- Dumping data untuk tabel `classes`
--

INSERT INTO `classes` (`id`, `name`, `description`) VALUES
(1, 'AEA2016', NULL),
(2, 'AEB2016', NULL),
(3, 'AEC2016', NULL),
(4, 'AED2016', NULL),
(5, 'AEA2017', NULL),
(6, 'AEB2017', NULL),
(7, 'AEC2017', NULL),
(8, 'AED2017', NULL);

-- --------------------------------------------------------

--
-- Struktur dari tabel `clients`
--

CREATE TABLE `clients` (
  `id` int(11) UNSIGNED NOT NULL,
  `name` varchar(100) NOT NULL,
  `address` varchar(100) NOT NULL,
  `logo` varchar(254) DEFAULT NULL
) ENGINE=InnoDB DEFAULT CHARSET=latin1;

--
-- Dumping data untuk tabel `clients`
--

INSERT INTO `clients` (`id`, `name`, `address`, `logo`) VALUES
(7, 'PT. Star Cosmos', 'jakarta', 'app/clients/5500e76808fbf9c01e2736c617b4fa6b.png');

-- --------------------------------------------------------

--
-- Struktur dari tabel `gallery`
--

CREATE TABLE `gallery` (
  `id` int(10) UNSIGNED NOT NULL,
  `uploaded_by` int(10) UNSIGNED NOT NULL,
  `uploaded_at` int(10) UNSIGNED NOT NULL,
  `alt` varchar(100) NOT NULL,
  `path` varchar(100) NOT NULL
) ENGINE=InnoDB DEFAULT CHARSET=latin1;

--
-- Dumping data untuk tabel `gallery`
--

INSERT INTO `gallery` (`id`, `uploaded_by`, `uploaded_at`, `alt`, `path`) VALUES
(21, 1, 1523433059, 'satu', 'app/gallery/fe8bfc26a3b1f9b124269130fdc75c54.jpg'),
(22, 1, 1523433123, 'dua', 'app/gallery/0fc4de672f9a923295b736af8d68e282.jpg'),
(23, 1, 1523433147, 'tiga', 'app/gallery/df3573687b787c86c996318c189a800c.jpg'),
(24, 1, 1523433162, 'empat', 'app/gallery/96477783b98e3b59c39c8a1ce93255fe.jpg'),
(25, 1, 1523433877, 'lima', 'app/gallery/84df898dcc0f6b9a64e005596a41dc37.jpg'),
(26, 1, 1523433890, 'enam', 'app/gallery/8a1eef1a32134aaaadc7a8b7a11c7dff.jpg'),
(27, 2, 1523628814, 'hirz', 'app/gallery/42983546c7f33ebfe58c9ad5b20cbd77.jpg'),
(28, 1, 1523691351, 'polman dulu', 'app/gallery/659fcac81d01cdc515c649d71d0e7ad2.jpg'),
(29, 1, 1523691447, 'aaaa', 'app/gallery/542c6be9f60ebd2816127c4c97fcf9b5.gif'),
(30, 2, 1523691671, 'politeknik', 'app/gallery/3728c2b2d70abe0dcfc73c9b26b64d0f.png'),
(31, 2, 1523707305, 'makrab', 'app/gallery/4aa0c94f90c2a1c2b09dd3523b5de6fc.jpg'),
(32, 3, 1523712409, 'kart', 'app/gallery/99f76705aa33d1dc21a9931ce89558f1.jpg'),
(33, 1, 1523712652, 'dia', 'app/gallery/9febcdc4a244881382575daebeec4d46.jpg'),
(34, 1, 1523712665, 'disnat', 'app/gallery/25ffbd825e49f5f7aada4fd11232df2f.jpg'),
(35, 3, 1523713000, 'q', 'app/gallery/5f02cd0d0b0a43a36f1cb4e24680b52d.jpg'),
(36, 3, 1523713012, 'prncs', 'app/gallery/2b20f0381c1847ec00d330361af65499.jpg'),
(37, 1, 1524972876, 'W', 'app/gallery/395eebd0d3bf2034a74fbcfbaeee016e.jpg'),
(38, 1, 1524973040, 'rrrr', 'app/gallery/c334d02e5edb140f9f1158c966da95c4.jpg'),
(39, 1, 1524973199, 'cy', 'app/gallery/167f36af8c7fb0b2e2bee260aacb86f0.jpg'),
(40, 1, 1524973213, 'konser', 'app/gallery/8a066883abdbe54db540ae7698115c42.jpg'),
(41, 1, 1524973365, 'loker', 'app/gallery/719be96111fff314ada87d06b33f99d5.jpg'),
(42, 1, 1524973381, 'gunung', 'app/gallery/d940166841f406e8fee7c61e6cc73993.jpg'),
(43, 1, 1525149549, 'k', 'app/gallery/bddb3b9af448a20372a0435bed2db64a.jpg'),
(44, 1, 1525828497, 'cosmosmachine', 'app/gallery/ffa87a99eb587e73d2cf79f4e3560d2a.jpg');

-- --------------------------------------------------------

--
-- Struktur dari tabel `groups`
--

CREATE TABLE `groups` (
  `id` mediumint(8) UNSIGNED NOT NULL,
  `name` varchar(20) NOT NULL,
  `description` varchar(100) NOT NULL
) ENGINE=InnoDB DEFAULT CHARSET=utf8;

--
-- Dumping data untuk tabel `groups`
--

INSERT INTO `groups` (`id`, `name`, `description`) VALUES
(1, 'superadmin', 'Super Admin'),
(2, 'admin', 'Tata Usaha'),
(3, 'dosen', 'Dosen'),
(4, 'mahasiswa', 'Mahasiswa');

-- --------------------------------------------------------

--
-- Struktur dari tabel `login_attempts`
--

CREATE TABLE `login_attempts` (
  `id` int(11) UNSIGNED NOT NULL,
  `ip_address` varchar(45) NOT NULL,
  `login` varchar(100) NOT NULL,
  `time` int(11) UNSIGNED DEFAULT NULL
) ENGINE=InnoDB DEFAULT CHARSET=utf8;

-- --------------------------------------------------------

--
-- Struktur dari tabel `majors`
--

CREATE TABLE `majors` (
  `id` int(11) UNSIGNED NOT NULL,
  `name` varchar(50) NOT NULL,
  `description` text
) ENGINE=InnoDB DEFAULT CHARSET=latin1;

--
-- Dumping data untuk tabel `majors`
--

INSERT INTO `majors` (`id`, `name`, `description`) VALUES
(1, 'Mechatronics', ''),
(2, 'Automation', '');

-- --------------------------------------------------------

--
-- Struktur dari tabel `menus`
--

CREATE TABLE `menus` (
  `id` int(11) UNSIGNED NOT NULL,
  `alias` varchar(50) NOT NULL,
  `name` varchar(50) NOT NULL,
  `url` varchar(50) NOT NULL,
  `icon` varchar(50) NOT NULL
) ENGINE=InnoDB DEFAULT CHARSET=latin1;

--
-- Dumping data untuk tabel `menus`
--

INSERT INTO `menus` (`id`, `alias`, `name`, `url`, `icon`) VALUES
(1, 'gallery', 'Gallery', 'gallery', 'picture-o'),
(2, 'news', 'News/Event', 'news', 'newspaper-o'),
(3, 'products', 'Products', 'products', 'tags'),
(4, 'academic_schedule', 'Academic Schedule', 'academic-schedule', 'calendar'),
(5, 'rooms', 'Rooms/Facilities', 'rooms', 'bank'),
(6, 'room_renting', 'Booking Room', 'rooms/renting', 'retweet'),
(7, 'clients', 'Clients', 'clients', 'id-card-o');

-- --------------------------------------------------------

--
-- Struktur dari tabel `messages`
--

CREATE TABLE `messages` (
  `id` int(11) UNSIGNED NOT NULL,
  `reply_for` int(11) UNSIGNED DEFAULT NULL,
  `id_to` int(11) UNSIGNED NOT NULL,
  `id_from` int(11) UNSIGNED NOT NULL,
  `is_read` tinyint(1) NOT NULL DEFAULT '0',
  `timestamp` datetime NOT NULL DEFAULT CURRENT_TIMESTAMP,
  `subject` text,
  `text` text NOT NULL,
  `is_delete_to` tinyint(4) NOT NULL DEFAULT '0',
  `is_delete_from` tinyint(4) NOT NULL DEFAULT '0'
) ENGINE=InnoDB DEFAULT CHARSET=latin1;

--
-- Dumping data untuk tabel `messages`
--

INSERT INTO `messages` (`id`, `reply_for`, `id_to`, `id_from`, `is_read`, `timestamp`, `subject`, `text`, `is_delete_to`, `is_delete_from`) VALUES
(10, NULL, 2, 3, 1, '2018-05-05 13:08:32', 'pesan2an', '<p>ji main pesan2an yuk</p>', 0, 0),
(11, 10, 3, 2, 1, '2018-05-05 13:08:54', 'boleh', '<p>boleh vin hehe kangen ya?</p>', 0, 0),
(13, 12, 4, 1, 1, '2018-05-07 10:13:20', 'sabar', '<p>sabar ya gaes</p>', 1, 0);

-- --------------------------------------------------------

--
-- Struktur dari tabel `news`
--

CREATE TABLE `news` (
  `id` int(11) UNSIGNED NOT NULL,
  `created_at` int(10) UNSIGNED DEFAULT NULL,
  `updated_at` int(10) UNSIGNED DEFAULT NULL,
  `id_creator` int(11) UNSIGNED NOT NULL,
  `id_updater` int(11) UNSIGNED DEFAULT NULL,
  `title` varchar(254) NOT NULL,
  `thumbnail` text,
  `text` text NOT NULL,
  `type` varchar(50) NOT NULL,
  `category` varchar(100) NOT NULL,
  `time` varchar(50) DEFAULT NULL,
  `location` text
) ENGINE=InnoDB DEFAULT CHARSET=latin1;

--
-- Dumping data untuk tabel `news`
--

INSERT INTO `news` (`id`, `created_at`, `updated_at`, `id_creator`, `id_updater`, `title`, `thumbnail`, `text`, `type`, `category`, `time`, `location`) VALUES
(29, 1525738899, NULL, 1, NULL, 'Monitoring PPI', '', '<p>Monitoring PPI akan dilaksanakan mulai minggu ini.</p>', 'flashnews', 'akademik', '', ''),
(30, 1525739314, NULL, 1, NULL, 'Seminar Beasiswa LPDP', '', '<p>Telah dilaksanakan seminar beasiswa LPDP pada tanggal 5 Mei 2018 di Aula Rupantama Polman Bandung</p>', 'general', 'seminar', '', ''),
(31, 1525739630, NULL, 1, NULL, 'Pembukaan Pendaftaran beasiswa LPDP', 'http://172.16.6.83/esystem_ae/assets/images/app/gallery/75bfcb51065cf116802dd5ef0ef64230.png', '<p>Beasiswa LPDP telah dibuka pada tanggal 7 Mei 2018. Untuk informasi lebih lanjut dan jadwal bisa dilihat di web kemenkeu&nbsp;https://www.lpdp.kemenkeu.go.id/pembukaan-beasiswa-lpdp-tahun-2018/</p>', 'general', 'beasiswa', '', ''),
(32, 1525740003, 1525740059, 1, 1, 'Sidang Proyek Akhir', 'http://172.16.6.83/esystem_ae/assets/images/app/gallery/bfdce19ba10de3d5bf60923d79a4621c.jpg', '<p>Kami doakan untuk M. Nursyam Rizal yang akan melaksanakan sidang proyek akhir pada hari ini. Semoga diberi kemudahan dan kelancaran.</p>', 'event', 'akademik', '08 May, 2018 - 08 May, 2018', 'polman'),
(33, 1525740279, NULL, 1, NULL, 'Launching eSystem AE', '', '<p>Launching eSystem AE akan dilaksanakan pada tanggal 8 Mei 2018. Say hi to the world!</p>', 'flashnews', 'internal', '', ''),
(34, 1525740418, NULL, 1, NULL, 'Libur Hari Kamis', '', '<p>Libur pada tanggal 10 Mei 2018. Diharapkan bagi mahasiswa tidak ada yang ke kampus. Terimakasih.</p>', 'event', 'akademik', '10 May, 2018 - 10 June, 2018', 'Polman'),
(35, 1525740548, NULL, 1, NULL, 'Pelaksanaan SBMPTN', 'http://172.16.6.83/esystem_ae/assets/images/app/gallery/14983081707b0162072916efb3ad79c2.jpg', '<p>Telah dilaksanakan SBMPTN 2018 pada tanggal 8 Mei 2018. Selamat berjuan. Semoga sukses.</p>', 'general', 'general', '', ''),
(36, 1525740895, NULL, 1, NULL, 'Penghuni baru Polman', 'http://172.16.6.83/esystem_ae/assets/images/app/gallery/692b7fe000f11568397d9da7e197f015.jpg', '<p>Kami doakan untuk mahasiswa baru jalur PMDK-PN yang akan menjalani serangkaian test dalam waktu dekat.</p>', 'general', 'lainnya', '', '');

-- --------------------------------------------------------

--
-- Struktur dari tabel `products`
--

CREATE TABLE `products` (
  `id` int(11) UNSIGNED NOT NULL,
  `created_at` int(10) DEFAULT NULL,
  `updated_at` int(10) DEFAULT NULL,
  `id_creator` int(11) UNSIGNED NOT NULL,
  `id_updater` int(11) UNSIGNED DEFAULT NULL,
  `id_client` int(11) UNSIGNED DEFAULT NULL,
  `name` varchar(254) NOT NULL,
  `pic_name` varchar(100) NOT NULL,
  `teams` text,
  `thumbnail` text NOT NULL,
  `description` text NOT NULL,
  `years` varchar(10) DEFAULT NULL,
  `tools` text,
  `workpack` text,
  `status` varchar(100) NOT NULL,
  `status_haki` varchar(100) NOT NULL
) ENGINE=InnoDB DEFAULT CHARSET=latin1;

--
-- Dumping data untuk tabel `products`
--

INSERT INTO `products` (`id`, `created_at`, `updated_at`, `id_creator`, `id_updater`, `id_client`, `name`, `pic_name`, `teams`, `thumbnail`, `description`, `years`, `tools`, `workpack`, `status`, `status_haki`) VALUES
(24, 1525828983, NULL, 1, NULL, 7, 'SPB Cosmos', 'Pak Ismail Rokhim', 'Polman Bandung', 'http://127.0.0.1/esystem_ae/assets/images/app/gallery/ffa87a99eb587e73d2cf79f4e3560d2a.jpg', '<p>SPB Cosmos adalah suatu mesin yang dipesan dan digunakan untuk membuat body dari produk yang akan dibuat oleh PT. Star Cosmos.</p>', '2017', 'Hydraulic', '', 'developing', '-');

-- --------------------------------------------------------

--
-- Struktur dari tabel `rooms`
--

CREATE TABLE `rooms` (
  `id` int(11) UNSIGNED NOT NULL,
  `name` varchar(50) NOT NULL,
  `facilities` text NOT NULL,
  `pic` varchar(50) NOT NULL
) ENGINE=InnoDB DEFAULT CHARSET=latin1;

--
-- Dumping data untuk tabel `rooms`
--

INSERT INTO `rooms` (`id`, `name`, `facilities`, `pic`) VALUES
(1, 'Lab a lab a', '<p>Menyediakan berbagai macam kebutuhan yang dijamin memuaskan masa depan anda</p>', 'app/rooms/79ae82f416005c68455fce72c51b2b31.JPG'),
(2, 'Lab makroprosesor', '<p>Tidak enyediakan berbagai macam kebutuhan yang dijamin memuaskan masa depan anda</p>m', 'app/rooms/24fc75ae2229270e20f988258fe8cfcb.jpg'),
(3, 'Lab Elektronika Udah Ga Dasar Lagii', '<p>Merupakan lab yang tidak dasar karena berada dilantai yg tidak dasar yaitu lantai 23</p>', 'app/rooms/6832fca497f8676ee86ee198cf60bfd2.jpg');

-- --------------------------------------------------------

--
-- Struktur dari tabel `room_renting`
--

CREATE TABLE `room_renting` (
  `id` int(11) UNSIGNED NOT NULL,
  `id_user` int(11) UNSIGNED NOT NULL,
  `id_room` int(11) UNSIGNED NOT NULL,
  `category` varchar(100) NOT NULL,
  `description` text NOT NULL,
  `name` varchar(25) NOT NULL,
  `start` datetime NOT NULL,
  `end` datetime NOT NULL,
  `approval_letter` varchar(100) DEFAULT NULL,
  `note` text,
  `has_read` tinyint(1) UNSIGNED NOT NULL DEFAULT '0',
  `approved` tinyint(1) NOT NULL DEFAULT '9',
  `approval_note` text
) ENGINE=InnoDB DEFAULT CHARSET=latin1;

--
-- Dumping data untuk tabel `room_renting`
--

INSERT INTO `room_renting` (`id`, `id_user`, `id_room`, `category`, `description`, `name`, `start`, `end`, `approval_letter`, `note`, `has_read`, `approved`, `approval_note`) VALUES
(2, 3, 2, 'seminar', 'Lorem ipsum dolor sit amet, consectetur adipiscing elit, sed do eiusmod tempor incididunt ut labore et dolore magna aliqua. Ut enim ad minim veniam, quis nostrud exercitation ullamco laboris nisi ut aliquip ex ea commodo consequat.', 'Seminar Kemasyarakatan AE', '2018-04-11 16:00:00', '2018-04-11 19:00:00', 'files/room_renting/seminarkemasae.pdf', NULL, 1, 0, NULL),
(4, 3, 1, 'loker', 'qwqdqdqwdqwdqwdwqd', 'qwqwqwqwqw', '2018-04-25 16:00:00', '2018-04-25 20:00:00', 'files/room_renting/44abd10a55fed26b122b56ccf08664d2.pdf', 'dwdwdw', 1, 0, NULL),
(8, 2, 1, 'demo', 'baubaubaubaucape', 'demo produk web', '2018-04-26 16:00:00', '2018-04-26 20:00:00', NULL, 'hmmmmm bacot', 1, 1, NULL),
(9, 2, 1, 'lainlain', 'cot', 'cot', '2018-05-01 07:00:00', '2018-05-01 13:00:00', NULL, 'e', 1, 1, NULL),
(10, 1, 2, 'akademik', 'buat mabok', 'minjem dong', '2018-04-29 00:00:00', '2018-05-06 00:00:00', NULL, '', 0, 1, NULL),
(11, 1, 1, 'bimbingan', 'ksnfbudhfvjdfv', 'nonononononono', '2018-05-06 00:00:00', '2018-05-12 00:00:00', NULL, 'jdbvhdbvhbdhvbhdbvhd', 1, 1, NULL);

-- --------------------------------------------------------

--
-- Struktur dari tabel `units`
--

CREATE TABLE `units` (
  `id` int(11) UNSIGNED NOT NULL,
  `name` varchar(50) NOT NULL,
  `description` text NOT NULL
) ENGINE=InnoDB DEFAULT CHARSET=latin1;

--
-- Dumping data untuk tabel `units`
--

INSERT INTO `units` (`id`, `name`, `description`) VALUES
(1, 'Politeknik Manufaktur Bandung', '');

-- --------------------------------------------------------

--
-- Struktur dari tabel `users`
--

CREATE TABLE `users` (
  `id` int(11) UNSIGNED NOT NULL,
  `ip_address` varchar(45) NOT NULL,
  `username` varchar(100) DEFAULT NULL,
  `password` varchar(255) NOT NULL,
  `salt` varchar(255) DEFAULT NULL,
  `email` varchar(254) NOT NULL,
  `secondary_email` varchar(254) DEFAULT NULL,
  `activation_code` varchar(40) DEFAULT NULL,
  `forgotten_password_code` varchar(40) DEFAULT NULL,
  `forgotten_password_time` int(10) UNSIGNED DEFAULT NULL,
  `remember_code` varchar(40) DEFAULT NULL,
  `created_on` int(10) UNSIGNED DEFAULT NULL,
  `last_login` int(10) UNSIGNED DEFAULT NULL,
  `active` tinyint(1) UNSIGNED DEFAULT NULL,
  `first_name` varchar(50) DEFAULT NULL,
  `last_name` varchar(50) DEFAULT NULL,
  `phone` varchar(20) DEFAULT NULL,
  `id_major` int(11) UNSIGNED DEFAULT NULL,
  `id_unit` int(11) UNSIGNED DEFAULT NULL,
  `gender` varchar(1) DEFAULT NULL,
  `home_address` text,
  `avatar` varchar(254) NOT NULL DEFAULT 'app/avatar/default.jpg'
) ENGINE=InnoDB DEFAULT CHARSET=utf8;

--
-- Dumping data untuk tabel `users`
--

INSERT INTO `users` (`id`, `ip_address`, `username`, `password`, `salt`, `email`, `secondary_email`, `activation_code`, `forgotten_password_code`, `forgotten_password_time`, `remember_code`, `created_on`, `last_login`, `active`, `first_name`, `last_name`, `phone`, `id_major`, `id_unit`, `gender`, `home_address`, `avatar`) VALUES
(1, '127.0.0.1', 'admin', '$2y$08$N0WL90SYIRYClJ054wW9eerkG45yD9wQNfe1an.bdyQNE.nStBcfm', '', 'admin@esystem.ae', NULL, NULL, NULL, NULL, NULL, 1521955377, 1525822892, 1, 'Admin', 'System', '14045', NULL, NULL, NULL, NULL, 'app/avatar/admin.jpg'),
(2, '127.0.0.1', '216341059', '$2y$08$OaioRb3HtkSRfowBmA15nuKTWpxxIfGJgjfx2hj18jwLJrP4ODTL.', NULL, 'hirzinurfakhrian@gmail.com', '', NULL, NULL, NULL, NULL, 1522392676, 1525495460, 1, 'Hirzi', 'Nurfakhrian', '083116823235', 1, 1, 'M', '', 'app/avatar/avatar2.jpg'),
(3, '127.0.0.1', '216341023', '$2y$08$56Du7bk104mq6OJ9vKtkFOQXbQi7pcOHeifE48Xp0F7djp5pigMYG', NULL, 'vinkalviola@gmail.com', '', NULL, NULL, NULL, NULL, 1522577015, 1525495905, 1, 'Vinka', 'Alviola', '083116823236', 1, 1, 'F', '', 'app/avatar/default.jpg'),
(4, '127.0.0.1', '216341010', '$2y$08$WK0dlel.1W3F9sgmyuQAseF9NotLTP7D/Mc./aqFzFzmkzWrOF7sm', NULL, 'hilmanm@gmail.com', 'hilman@polman-bandung.ac.id', NULL, NULL, NULL, NULL, 1525662381, 1525662692, 1, 'hilman', 'mujahid', '082219253600', 1, 1, 'M', 'Komplek Bumi Panyileukan N1 No 7 Bandung', 'app/avatar/default.jpg'),
(5, '127.0.0.1', '216341111', '$2y$08$Zb2IyRhiC9bjP6qq8FIjr.GDeU6zUiMvLQlGrtWQFqAL.MUgdVl.W', NULL, 'mochaulia@hotmail.com', 'mochammadaulia@polman-bandung.ac.id', NULL, NULL, NULL, NULL, 1525738170, NULL, 1, 'roro', NULL, '08999291', 2, 1, 'F', 'komp.bumi panyileukan', 'app/avatar/default.jpg');

-- --------------------------------------------------------

--
-- Struktur dari tabel `users_groups`
--

CREATE TABLE `users_groups` (
  `id` int(11) UNSIGNED NOT NULL,
  `user_id` int(11) UNSIGNED NOT NULL,
  `group_id` mediumint(8) UNSIGNED NOT NULL
) ENGINE=InnoDB DEFAULT CHARSET=utf8;

--
-- Dumping data untuk tabel `users_groups`
--

INSERT INTO `users_groups` (`id`, `user_id`, `group_id`) VALUES
(1, 1, 1),
(8, 2, 4),
(20, 3, 4),
(21, 4, 4),
(22, 5, 3);

-- --------------------------------------------------------

--
-- Struktur dari tabel `users_menus`
--

CREATE TABLE `users_menus` (
  `id` int(11) NOT NULL,
  `user_id` int(11) UNSIGNED NOT NULL,
  `menu_id` int(11) UNSIGNED NOT NULL,
  `is_create` int(1) NOT NULL,
  `is_read` int(1) NOT NULL,
  `is_update` int(1) NOT NULL,
  `is_delete` int(1) NOT NULL
) ENGINE=InnoDB DEFAULT CHARSET=latin1;

--
-- Dumping data untuk tabel `users_menus`
--

INSERT INTO `users_menus` (`id`, `user_id`, `menu_id`, `is_create`, `is_read`, `is_update`, `is_delete`) VALUES
(137, 3, 1, 1, 1, 0, 0),
(138, 3, 2, 1, 1, 1, 0),
(139, 3, 3, 0, 0, 0, 0),
(140, 3, 4, 0, 1, 0, 0),
(141, 3, 5, 0, 0, 0, 0),
(142, 3, 6, 0, 1, 0, 0),
(173, 1, 1, 1, 1, 1, 1),
(174, 1, 2, 1, 1, 1, 1),
(175, 1, 3, 1, 1, 1, 1),
(176, 1, 4, 1, 1, 1, 1),
(177, 1, 5, 1, 1, 1, 1),
(178, 1, 6, 1, 1, 1, 1),
(179, 1, 7, 1, 1, 1, 1),
(187, 2, 1, 1, 1, 0, 0),
(188, 2, 2, 1, 1, 0, 0),
(189, 2, 3, 1, 0, 0, 0),
(190, 2, 4, 0, 1, 0, 0),
(191, 2, 5, 0, 1, 0, 0),
(192, 2, 6, 1, 1, 0, 0),
(193, 2, 7, 0, 0, 0, 0);

-- --------------------------------------------------------

--
-- Struktur dari tabel `youtube`
--

CREATE TABLE `youtube` (
  `id` int(11) UNSIGNED NOT NULL,
  `url` text NOT NULL,
  `updated_by` int(11) UNSIGNED NOT NULL
) ENGINE=InnoDB DEFAULT CHARSET=latin1;

--
-- Dumping data untuk tabel `youtube`
--

INSERT INTO `youtube` (`id`, `url`, `updated_by`) VALUES
(1, 'www.youtube.com/embed/YBLtnVCMRnU?autoplay=0&loop=1&playlist=YBLtnVCMRnU,', 1);

--
-- Indexes for dumped tables
--

--
-- Indexes for table `academic_schedule`
--
ALTER TABLE `academic_schedule`
  ADD PRIMARY KEY (`id`),
  ADD KEY `fk_year_schedule` (`id_academic_year`),
  ADD KEY `fk_class_schedule` (`id_class`);

--
-- Indexes for table `academic_years`
--
ALTER TABLE `academic_years`
  ADD PRIMARY KEY (`id`);

--
-- Indexes for table `ci_sessions`
--
ALTER TABLE `ci_sessions`
  ADD PRIMARY KEY (`id`) USING BTREE,
  ADD KEY `ci_sessions_timestamp` (`timestamp`);

--
-- Indexes for table `classes`
--
ALTER TABLE `classes`
  ADD PRIMARY KEY (`id`);

--
-- Indexes for table `clients`
--
ALTER TABLE `clients`
  ADD PRIMARY KEY (`id`);

--
-- Indexes for table `gallery`
--
ALTER TABLE `gallery`
  ADD PRIMARY KEY (`id`),
  ADD KEY `uploaded_user_id` (`uploaded_by`);

--
-- Indexes for table `groups`
--
ALTER TABLE `groups`
  ADD PRIMARY KEY (`id`);

--
-- Indexes for table `login_attempts`
--
ALTER TABLE `login_attempts`
  ADD PRIMARY KEY (`id`);

--
-- Indexes for table `majors`
--
ALTER TABLE `majors`
  ADD PRIMARY KEY (`id`);

--
-- Indexes for table `menus`
--
ALTER TABLE `menus`
  ADD PRIMARY KEY (`id`);

--
-- Indexes for table `messages`
--
ALTER TABLE `messages`
  ADD PRIMARY KEY (`id`),
  ADD KEY `fk_to` (`id_to`),
  ADD KEY `fk_from` (`id_from`);

--
-- Indexes for table `news`
--
ALTER TABLE `news`
  ADD PRIMARY KEY (`id`);

--
-- Indexes for table `products`
--
ALTER TABLE `products`
  ADD PRIMARY KEY (`id`),
  ADD KEY `fk_creator` (`id_creator`),
  ADD KEY `fk_updater` (`id_updater`),
  ADD KEY `fk_client` (`id_client`);

--
-- Indexes for table `rooms`
--
ALTER TABLE `rooms`
  ADD PRIMARY KEY (`id`);

--
-- Indexes for table `room_renting`
--
ALTER TABLE `room_renting`
  ADD PRIMARY KEY (`id`),
  ADD KEY `fk_user` (`id_user`),
  ADD KEY `fk_room` (`id_room`);

--
-- Indexes for table `units`
--
ALTER TABLE `units`
  ADD PRIMARY KEY (`id`);

--
-- Indexes for table `users`
--
ALTER TABLE `users`
  ADD PRIMARY KEY (`id`),
  ADD KEY `fk_users_major` (`id_major`),
  ADD KEY `fk_users_unit` (`id_unit`);

--
-- Indexes for table `users_groups`
--
ALTER TABLE `users_groups`
  ADD PRIMARY KEY (`id`),
  ADD UNIQUE KEY `uc_users_groups` (`user_id`,`group_id`),
  ADD KEY `fk_users_groups_users1_idx` (`user_id`),
  ADD KEY `fk_users_groups_groups1_idx` (`group_id`);

--
-- Indexes for table `users_menus`
--
ALTER TABLE `users_menus`
  ADD PRIMARY KEY (`id`),
  ADD KEY `fk_users_menus_users1` (`user_id`),
  ADD KEY `fk_users_menus_menus1` (`menu_id`);

--
-- Indexes for table `youtube`
--
ALTER TABLE `youtube`
  ADD PRIMARY KEY (`id`),
  ADD KEY `updated_user_id` (`updated_by`);

--
-- AUTO_INCREMENT for dumped tables
--

--
-- AUTO_INCREMENT for table `academic_schedule`
--
ALTER TABLE `academic_schedule`
  MODIFY `id` int(11) UNSIGNED NOT NULL AUTO_INCREMENT, AUTO_INCREMENT=31;
--
-- AUTO_INCREMENT for table `academic_years`
--
ALTER TABLE `academic_years`
  MODIFY `id` int(11) UNSIGNED NOT NULL AUTO_INCREMENT, AUTO_INCREMENT=3;
--
-- AUTO_INCREMENT for table `classes`
--
ALTER TABLE `classes`
  MODIFY `id` int(11) UNSIGNED NOT NULL AUTO_INCREMENT, AUTO_INCREMENT=9;
--
-- AUTO_INCREMENT for table `clients`
--
ALTER TABLE `clients`
  MODIFY `id` int(11) UNSIGNED NOT NULL AUTO_INCREMENT, AUTO_INCREMENT=8;
--
-- AUTO_INCREMENT for table `gallery`
--
ALTER TABLE `gallery`
  MODIFY `id` int(10) UNSIGNED NOT NULL AUTO_INCREMENT, AUTO_INCREMENT=45;
--
-- AUTO_INCREMENT for table `groups`
--
ALTER TABLE `groups`
  MODIFY `id` mediumint(8) UNSIGNED NOT NULL AUTO_INCREMENT, AUTO_INCREMENT=5;
--
-- AUTO_INCREMENT for table `login_attempts`
--
ALTER TABLE `login_attempts`
  MODIFY `id` int(11) UNSIGNED NOT NULL AUTO_INCREMENT;
--
-- AUTO_INCREMENT for table `majors`
--
ALTER TABLE `majors`
  MODIFY `id` int(11) UNSIGNED NOT NULL AUTO_INCREMENT, AUTO_INCREMENT=3;
--
-- AUTO_INCREMENT for table `menus`
--
ALTER TABLE `menus`
  MODIFY `id` int(11) UNSIGNED NOT NULL AUTO_INCREMENT, AUTO_INCREMENT=8;
--
-- AUTO_INCREMENT for table `messages`
--
ALTER TABLE `messages`
  MODIFY `id` int(11) UNSIGNED NOT NULL AUTO_INCREMENT, AUTO_INCREMENT=14;
--
-- AUTO_INCREMENT for table `news`
--
ALTER TABLE `news`
  MODIFY `id` int(11) UNSIGNED NOT NULL AUTO_INCREMENT, AUTO_INCREMENT=37;
--
-- AUTO_INCREMENT for table `products`
--
ALTER TABLE `products`
  MODIFY `id` int(11) UNSIGNED NOT NULL AUTO_INCREMENT, AUTO_INCREMENT=25;
--
-- AUTO_INCREMENT for table `rooms`
--
ALTER TABLE `rooms`
  MODIFY `id` int(11) UNSIGNED NOT NULL AUTO_INCREMENT, AUTO_INCREMENT=4;
--
-- AUTO_INCREMENT for table `room_renting`
--
ALTER TABLE `room_renting`
  MODIFY `id` int(11) UNSIGNED NOT NULL AUTO_INCREMENT, AUTO_INCREMENT=12;
--
-- AUTO_INCREMENT for table `units`
--
ALTER TABLE `units`
  MODIFY `id` int(11) UNSIGNED NOT NULL AUTO_INCREMENT, AUTO_INCREMENT=2;
--
-- AUTO_INCREMENT for table `users`
--
ALTER TABLE `users`
  MODIFY `id` int(11) UNSIGNED NOT NULL AUTO_INCREMENT, AUTO_INCREMENT=6;
--
-- AUTO_INCREMENT for table `users_groups`
--
ALTER TABLE `users_groups`
  MODIFY `id` int(11) UNSIGNED NOT NULL AUTO_INCREMENT, AUTO_INCREMENT=23;
--
-- AUTO_INCREMENT for table `users_menus`
--
ALTER TABLE `users_menus`
  MODIFY `id` int(11) NOT NULL AUTO_INCREMENT, AUTO_INCREMENT=194;
--
-- AUTO_INCREMENT for table `youtube`
--
ALTER TABLE `youtube`
  MODIFY `id` int(11) UNSIGNED NOT NULL AUTO_INCREMENT, AUTO_INCREMENT=2;
--
-- Ketidakleluasaan untuk tabel pelimpahan (Dumped Tables)
--

--
-- Ketidakleluasaan untuk tabel `academic_schedule`
--
ALTER TABLE `academic_schedule`
  ADD CONSTRAINT `fk_class_schedule` FOREIGN KEY (`id_class`) REFERENCES `classes` (`id`) ON DELETE CASCADE ON UPDATE CASCADE,
  ADD CONSTRAINT `fk_year_schedule` FOREIGN KEY (`id_academic_year`) REFERENCES `academic_years` (`id`) ON DELETE CASCADE ON UPDATE CASCADE;

--
-- Ketidakleluasaan untuk tabel `gallery`
--
ALTER TABLE `gallery`
  ADD CONSTRAINT `uploaded_user_id` FOREIGN KEY (`uploaded_by`) REFERENCES `users` (`id`) ON DELETE NO ACTION ON UPDATE NO ACTION;

--
-- Ketidakleluasaan untuk tabel `messages`
--
ALTER TABLE `messages`
  ADD CONSTRAINT `fk_from` FOREIGN KEY (`id_from`) REFERENCES `users` (`id`) ON DELETE CASCADE ON UPDATE CASCADE,
  ADD CONSTRAINT `fk_to` FOREIGN KEY (`id_to`) REFERENCES `users` (`id`) ON DELETE CASCADE ON UPDATE CASCADE;

--
-- Ketidakleluasaan untuk tabel `products`
--
ALTER TABLE `products`
  ADD CONSTRAINT `fk_client` FOREIGN KEY (`id_client`) REFERENCES `clients` (`id`) ON DELETE CASCADE ON UPDATE CASCADE,
  ADD CONSTRAINT `fk_creator` FOREIGN KEY (`id_creator`) REFERENCES `users` (`id`) ON DELETE CASCADE ON UPDATE CASCADE,
  ADD CONSTRAINT `fk_updater` FOREIGN KEY (`id_updater`) REFERENCES `users` (`id`) ON DELETE SET NULL ON UPDATE SET NULL;

--
-- Ketidakleluasaan untuk tabel `room_renting`
--
ALTER TABLE `room_renting`
  ADD CONSTRAINT `fk_room` FOREIGN KEY (`id_room`) REFERENCES `rooms` (`id`) ON DELETE CASCADE ON UPDATE CASCADE,
  ADD CONSTRAINT `fk_user` FOREIGN KEY (`id_user`) REFERENCES `users` (`id`) ON DELETE CASCADE ON UPDATE CASCADE;

--
-- Ketidakleluasaan untuk tabel `users`
--
ALTER TABLE `users`
  ADD CONSTRAINT `fk_users_major` FOREIGN KEY (`id_major`) REFERENCES `majors` (`id`) ON DELETE SET NULL ON UPDATE SET NULL,
  ADD CONSTRAINT `fk_users_unit` FOREIGN KEY (`id_unit`) REFERENCES `units` (`id`) ON DELETE SET NULL ON UPDATE SET NULL;

--
-- Ketidakleluasaan untuk tabel `users_groups`
--
ALTER TABLE `users_groups`
  ADD CONSTRAINT `fk_users_groups_groups1` FOREIGN KEY (`group_id`) REFERENCES `groups` (`id`) ON DELETE CASCADE ON UPDATE NO ACTION,
  ADD CONSTRAINT `fk_users_groups_users1` FOREIGN KEY (`user_id`) REFERENCES `users` (`id`) ON DELETE CASCADE ON UPDATE NO ACTION;

--
-- Ketidakleluasaan untuk tabel `users_menus`
--
ALTER TABLE `users_menus`
  ADD CONSTRAINT `fk_users_menus_menus1` FOREIGN KEY (`menu_id`) REFERENCES `menus` (`id`) ON DELETE CASCADE,
  ADD CONSTRAINT `fk_users_menus_users1` FOREIGN KEY (`user_id`) REFERENCES `users` (`id`) ON DELETE CASCADE;

--
-- Ketidakleluasaan untuk tabel `youtube`
--
ALTER TABLE `youtube`
  ADD CONSTRAINT `updated_user_id` FOREIGN KEY (`updated_by`) REFERENCES `users` (`id`) ON DELETE NO ACTION ON UPDATE NO ACTION;
COMMIT;

/*!40101 SET CHARACTER_SET_CLIENT=@OLD_CHARACTER_SET_CLIENT */;
/*!40101 SET CHARACTER_SET_RESULTS=@OLD_CHARACTER_SET_RESULTS */;
/*!40101 SET COLLATION_CONNECTION=@OLD_COLLATION_CONNECTION */;
